Format Version,1.23,Take Name,ms010mpt001,Take Notes,,Capture Frame Rate,120.000000,Export Frame Rate,120.000000,Capture Start Time,2022-03-24 03.18.34.248 PM,Total Frames in Take,801,Total Exported Frames,801,Rotation Type,XYZ,Length Units,Meters,Coordinate Space,Global

,Type,Rigid Body,Rigid Body,Rigid Body,Rigid Body,Rigid Body,Rigid Body
,Name,concords,concords,concords,concords,concords,concords
,ID,"5D216F16AB5E11ECD572003BC676219F","5D216F16AB5E11ECD572003BC676219F","5D216F16AB5E11ECD572003BC676219F","5D216F16AB5E11ECD572003BC676219F","5D216F16AB5E11ECD572003BC676219F","5D216F16AB5E11ECD572003BC676219F"
,,Rotation,Rotation,Rotation,Position,Position,Position
Frame,Time (Seconds),X,Y,Z,X,Y,Z
0,0.000000,0.492533,0.041761,-0.976159,-0.019856,0.094035,0.001936
1,0.008333,0.494664,0.044806,-0.983248,-0.019842,0.094032,0.001938
2,0.016667,0.501659,0.038291,-0.972399,-0.019847,0.094038,0.001934
3,0.025000,0.498227,0.048836,-0.963869,-0.019878,0.094049,0.001923
4,0.033333,0.492900,0.044568,-0.965781,-0.019883,0.094055,0.001927
5,0.041667,0.495878,0.038035,-0.957456,-0.019823,0.094068,0.001948
6,0.050000,,,,,,
7,0.058333,0.493366,0.043367,-0.981275,-0.019859,0.094059,0.001937
8,0.066667,0.503165,0.022947,-0.941855,-0.019840,0.094053,0.001940
9,0.075000,0.500066,0.019112,-0.947507,-0.019808,0.094054,0.001942
10,0.083333,0.497039,0.045131,-0.963088,-0.019878,0.094047,0.001933
11,0.091667,0.496226,0.024927,-0.946586,-0.019814,0.094055,0.001935
12,0.100000,0.499696,0.025687,-0.952761,-0.019798,0.094066,0.001953
13,0.108333,0.496946,0.042828,-0.977038,-0.019854,0.094042,0.001933
14,0.116667,0.503697,0.027900,-0.963973,-0.019804,0.094064,0.001951
15,0.125000,0.501326,0.038656,-0.980043,-0.019842,0.094050,0.001942
16,0.133333,0.503520,0.025873,-0.949987,-0.019791,0.094054,0.001974
17,0.141667,0.496503,0.041692,-0.972566,-0.019839,0.094047,0.001950
18,0.150000,0.502515,0.044857,-0.973549,-0.019860,0.094041,0.001944
19,0.158333,0.505753,0.027398,-0.953544,-0.019808,0.094062,0.001947
20,0.166667,0.497544,0.024093,-0.950321,-0.019798,0.094062,0.001958
21,0.175000,0.497005,0.039103,-0.987465,-0.019840,0.094054,0.001939
22,0.183333,0.501113,0.043130,-0.982620,-0.019851,0.094045,0.001949
23,0.191667,0.498938,0.038881,-0.978042,-0.019837,0.094047,0.001960
24,0.200000,0.495595,0.046292,-0.981512,-0.019848,0.094061,0.001942
25,0.208333,0.501719,0.041782,-0.985811,-0.019820,0.094042,0.001955
26,0.216667,0.499856,0.025145,-0.954639,-0.019797,0.094062,0.001963
27,0.225000,0.501290,0.026322,-0.952469,-0.019824,0.094063,0.001954
28,0.233333,0.504198,0.027917,-0.953945,-0.019798,0.094067,0.001952
29,0.241667,0.488066,0.029233,-0.944110,-0.019811,0.094073,0.001962
30,0.250000,0.495903,0.038811,-0.990164,-0.019831,0.094059,0.001957
31,0.258333,0.498634,0.049037,-0.971843,-0.019857,0.094047,0.001947
32,0.266667,0.505105,0.020244,-0.958345,-0.019800,0.094072,0.001958
33,0.275000,0.502714,0.027414,-0.948905,-0.019795,0.094069,0.001957
34,0.283333,0.499157,0.045054,-0.975092,-0.019862,0.094061,0.001940
35,0.291667,0.499940,0.026437,-0.953735,-0.019810,0.094063,0.001936
36,0.300000,0.492420,0.043815,-0.972290,-0.019879,0.094060,0.001929
37,0.308333,0.493063,0.028024,-0.956386,-0.019812,0.094064,0.001943
38,0.316667,0.499443,0.028627,-0.951791,-0.019804,0.094066,0.001943
39,0.325000,0.500039,0.030074,-0.959935,-0.019806,0.094069,0.001950
40,0.333333,0.498682,0.030785,-0.949109,-0.019808,0.094060,0.001955
41,0.341667,0.501264,0.024398,-0.949870,-0.019808,0.094061,0.001958
42,0.350000,0.504605,0.050132,-0.981722,-0.019843,0.094056,0.001951
43,0.358333,0.499483,0.043697,-0.970834,-0.019858,0.094059,0.001938
44,0.366667,0.491013,0.028015,-0.954425,-0.019804,0.094070,0.001945
45,0.375000,0.496861,0.042472,-0.966587,-0.019858,0.094055,0.001942
46,0.383333,0.499388,0.023102,-0.956337,-0.019797,0.094071,0.001963
47,0.391667,0.500307,0.033717,-0.967119,-0.019846,0.094072,0.001953
48,0.400000,0.501315,0.029738,-0.949974,-0.019808,0.094069,0.001968
49,0.408333,0.502090,0.043817,-0.982844,-0.019856,0.094057,0.001947
50,0.416667,0.504133,0.023111,-0.955842,-0.019813,0.094069,0.001960
51,0.425000,0.499903,0.022662,-0.969373,-0.019812,0.094077,0.001955
52,0.433333,0.507484,0.028624,-0.960672,-0.019806,0.094064,0.001954
53,0.441667,0.500802,0.025067,-0.955174,-0.019785,0.094057,0.001970
54,0.450000,0.501381,0.032466,-0.943677,-0.019817,0.094046,0.001947
55,0.458333,0.490412,0.044513,-0.969262,-0.019869,0.094042,0.001943
56,0.466667,0.494896,0.037808,-0.970151,-0.019851,0.094045,0.001934
57,0.475000,0.497395,0.041718,-0.964466,-0.019868,0.094054,0.001943
58,0.483333,0.496205,0.029316,-0.950218,-0.019814,0.094066,0.001935
59,0.491667,0.501565,0.037189,-0.968341,-0.019863,0.094044,0.001933
60,0.500000,0.495000,0.024041,-0.950389,-0.019801,0.094065,0.001962
61,0.508333,0.498766,0.038505,-0.970125,-0.019842,0.094053,0.001940
62,0.516667,0.505982,0.035176,-0.979415,-0.019856,0.094060,0.001935
63,0.525000,0.501097,0.038166,-0.974493,-0.019863,0.094048,0.001952
64,0.533333,0.498488,0.034375,-0.979556,-0.019850,0.094049,0.001962
65,0.541667,0.496005,0.053885,-0.972469,-0.019889,0.094068,0.001933
66,0.550000,0.503461,0.040631,-0.981753,-0.019864,0.094061,0.001926
67,0.558333,0.499974,0.038274,-0.977677,-0.019835,0.094057,0.001938
68,0.566667,0.502885,0.025931,-0.957250,-0.019805,0.094051,0.001950
69,0.575000,0.491291,0.048238,-0.972598,-0.019861,0.094053,0.001932
70,0.583333,0.499865,0.027845,-0.945014,-0.019813,0.094052,0.001945
71,0.591667,0.495143,0.040685,-0.975160,-0.019848,0.094057,0.001949
72,0.600000,0.503012,0.028820,-0.952300,-0.019792,0.094064,0.001948
73,0.608333,0.502231,0.028577,-0.957389,-0.019795,0.094064,0.001944
74,0.616667,0.494445,0.046240,-0.977595,-0.019848,0.094054,0.001944
75,0.625000,0.497474,0.025562,-0.948201,-0.019817,0.094072,0.001960
76,0.633333,0.506060,0.034758,-0.948164,-0.019821,0.094066,0.001941
77,0.641667,0.499410,0.028132,-0.949801,-0.019810,0.094058,0.001949
78,0.650000,0.497561,0.025659,-0.949309,-0.019813,0.094050,0.001955
79,0.658333,0.498434,0.041842,-0.968647,-0.019862,0.094054,0.001945
80,0.666667,0.498523,0.047137,-0.971063,-0.019860,0.094072,0.001944
81,0.675000,0.494880,0.041652,-0.961749,-0.019876,0.094057,0.001944
82,0.683333,0.497354,0.045720,-0.963254,-0.019885,0.094064,0.001951
83,0.691667,0.494890,0.037972,-0.957413,-0.019894,0.094067,0.001931
84,0.700000,0.509068,0.029943,-0.954790,-0.019820,0.094080,0.001941
85,0.708333,0.499532,0.041024,-0.958574,-0.019882,0.094068,0.001939
86,0.716667,0.498628,0.033214,-0.971174,-0.019844,0.094063,0.001939
87,0.725000,0.510101,0.041026,-0.969538,-0.019849,0.094064,0.001946
88,0.733333,0.511231,0.040786,-0.970186,-0.019850,0.094051,0.001940
89,0.741667,0.505919,0.042944,-0.964640,-0.019869,0.094054,0.001944
90,0.750000,0.504576,0.025508,-0.949041,-0.019810,0.094065,0.001956
91,0.758333,0.497239,0.027187,-0.947532,-0.019806,0.094068,0.001957
92,0.766667,0.498484,0.021343,-0.948119,-0.019815,0.094077,0.001951
93,0.775000,0.496399,0.045326,-0.967801,-0.019880,0.094061,0.001958
94,0.783333,0.504580,0.027222,-0.955058,-0.019809,0.094064,0.001961
95,0.791667,0.501396,0.046453,-0.966843,-0.019868,0.094049,0.001947
96,0.800000,0.503092,0.021722,-0.950876,-0.019811,0.094053,0.001957
97,0.808333,0.505072,0.040030,-0.964643,-0.019871,0.094035,0.001943
98,0.816667,0.501967,0.026788,-0.955502,-0.019809,0.094059,0.001948
99,0.825000,0.505535,0.036368,-0.979444,-0.019862,0.094043,0.001942
100,0.833333,0.502646,0.041795,-0.971903,-0.019863,0.094058,0.001929
101,0.841667,0.506692,0.044700,-0.970029,-0.019857,0.094039,0.001944
102,0.850000,0.498065,0.034851,-0.981087,-0.019853,0.094050,0.001952
103,0.858333,0.498919,0.040322,-0.969713,-0.019881,0.094049,0.001938
104,0.866667,0.507674,0.022975,-0.957060,-0.019805,0.094070,0.001945
105,0.875000,0.499372,0.042392,-0.973024,-0.019855,0.094057,0.001947
106,0.883333,0.505142,0.032076,-0.947102,-0.019826,0.094056,0.001965
107,0.891667,0.507367,0.037243,-0.981080,-0.019884,0.094060,0.001949
108,0.900000,0.499751,0.028557,-0.944458,-0.019830,0.094060,0.001962
109,0.908333,0.501636,0.055784,-0.988788,-0.019787,0.094058,0.001927
110,0.916667,0.447291,0.049340,-0.964601,-0.019778,0.094129,0.001983
111,0.925000,0.497070,0.054583,-0.990929,-0.019778,0.094045,0.001938
112,0.933333,0.496736,0.039381,-0.950493,-0.019787,0.094068,0.001945
113,0.941667,0.491592,0.039947,-0.945158,-0.019785,0.094071,0.001947
114,0.950000,0.493658,0.044151,-0.938024,-0.019790,0.094071,0.001947
115,0.958333,0.497876,0.043365,-0.946193,-0.019798,0.094072,0.001947
116,0.966667,0.500824,0.050085,-0.990679,-0.019798,0.094059,0.001928
117,0.975000,0.497998,0.037976,-0.973613,-0.019886,0.094059,0.001959
118,0.983333,0.499818,0.022093,-0.955679,-0.019810,0.094067,0.001964
119,0.991667,0.492973,0.032915,-0.952377,-0.019823,0.094067,0.001950
120,1.000000,0.497202,0.042866,-0.970836,-0.019868,0.094060,0.001929
121,1.008333,0.493155,0.036865,-0.949223,-0.019824,0.094070,0.001944
122,1.016667,0.500076,0.027176,-0.955940,-0.019812,0.094066,0.001954
123,1.025000,0.503820,0.038293,-0.971718,-0.019855,0.094068,0.001940
124,1.033333,0.495818,0.047229,-0.967543,-0.019854,0.094068,0.001946
125,1.041667,0.501265,0.041107,-0.972472,-0.019846,0.094061,0.001945
126,1.050000,0.503516,0.031408,-0.952156,-0.019815,0.094070,0.001958
127,1.058333,0.500336,0.030580,-0.950372,-0.019829,0.094080,0.001942
128,1.066667,0.501365,0.046733,-0.976345,-0.019843,0.094058,0.001931
129,1.075000,0.504524,0.044264,-0.969567,-0.019856,0.094060,0.001926
130,1.083333,0.491322,0.048762,-0.973759,-0.019889,0.094064,0.001932
131,1.091667,0.496928,0.036008,-0.940638,-0.019826,0.094064,0.001950
132,1.100000,0.499269,0.040406,-0.960335,-0.019875,0.094064,0.001939
133,1.108333,0.492427,0.033658,-0.945780,-0.019822,0.094061,0.001954
134,1.116667,0.504170,0.031825,-0.954053,-0.019814,0.094074,0.001947
135,1.125000,0.493314,0.026447,-0.945009,-0.019838,0.094057,0.001964
136,1.133333,0.496835,0.043822,-0.969424,-0.019876,0.094039,0.001950
137,1.141667,0.494023,0.030711,-0.951141,-0.019821,0.094057,0.001957
138,1.150000,0.496730,0.057670,-0.986053,-0.019805,0.094069,0.001939
139,1.158333,0.493788,0.050653,-0.986194,-0.019784,0.094055,0.001940
140,1.166667,0.502516,0.037471,-0.944776,-0.019833,0.094049,0.001949
141,1.175000,0.498903,0.025835,-0.958169,-0.019822,0.094059,0.001954
142,1.183333,0.502059,0.031120,-0.948042,-0.019815,0.094052,0.001939
143,1.191667,0.496537,0.044020,-0.979646,-0.019845,0.094036,0.001936
144,1.200000,0.494598,0.028905,-0.956659,-0.019817,0.094054,0.001940
145,1.208333,0.496608,0.028192,-0.949116,-0.019816,0.094053,0.001944
146,1.216667,0.495493,0.047147,-0.978608,-0.019833,0.094049,0.001939
147,1.225000,0.502217,0.025219,-0.957220,-0.019787,0.094058,0.001949
148,1.233333,0.489241,0.027033,-0.955094,-0.019800,0.094061,0.001954
149,1.241667,0.498632,0.036720,-0.947644,-0.019828,0.094056,0.001948
150,1.250000,0.496927,0.047250,-0.980507,-0.019840,0.094058,0.001939
151,1.258333,0.500043,0.047642,-0.978204,-0.019878,0.094055,0.001935
152,1.266667,0.506548,0.026011,-0.955770,-0.019820,0.094054,0.001945
153,1.275000,0.491086,0.029441,-0.954090,-0.019821,0.094077,0.001943
154,1.283333,0.495009,0.033136,-0.953251,-0.019812,0.094057,0.001948
155,1.291667,0.494528,0.056410,-0.957866,-0.019872,0.094043,0.001927
156,1.300000,0.500120,0.022820,-0.947198,-0.019805,0.094066,0.001962
157,1.308333,0.495400,0.055017,-0.964830,-0.019876,0.094057,0.001916
158,1.316667,0.492579,0.025858,-0.965646,-0.019790,0.094067,0.001951
159,1.325000,0.497409,0.046593,-0.972578,-0.019881,0.094060,0.001925
160,1.333333,0.490255,0.028724,-0.948533,-0.019805,0.094067,0.001947
161,1.341667,0.499788,0.045360,-0.971816,-0.019871,0.094064,0.001942
162,1.350000,0.495964,0.021540,-0.960214,-0.019801,0.094078,0.001962
163,1.358333,0.498958,0.040719,-0.964116,-0.019874,0.094068,0.001934
164,1.366667,0.505288,0.047798,-0.962982,-0.019865,0.094058,0.001939
165,1.375000,0.504959,0.027521,-0.950616,-0.019809,0.094069,0.001954
166,1.383333,0.502645,0.032629,-0.950014,-0.019830,0.094067,0.001939
167,1.391667,0.500442,0.024411,-0.956953,-0.019809,0.094062,0.001952
168,1.400000,0.496290,0.052249,-0.964996,-0.019880,0.094055,0.001932
169,1.408333,0.500707,0.023794,-0.951584,-0.019829,0.094072,0.001948
170,1.416667,0.498299,0.039367,-0.976817,-0.019881,0.094055,0.001923
171,1.425000,0.493860,0.025029,-0.958541,-0.019810,0.094058,0.001951
172,1.433333,0.507792,0.046810,-0.978887,-0.019863,0.094055,0.001939
173,1.441667,0.498739,0.025265,-0.951434,-0.019817,0.094064,0.001955
174,1.450000,0.497879,0.033205,-0.952823,-0.019811,0.094066,0.001951
175,1.458333,0.498380,0.049890,-0.972204,-0.019858,0.094059,0.001937
176,1.466667,0.496790,0.045315,-0.972460,-0.019856,0.094061,0.001925
177,1.475000,0.498504,0.038498,-0.953226,-0.019821,0.094070,0.001956
178,1.483333,0.504392,0.023775,-0.960829,-0.019795,0.094072,0.001959
179,1.491667,0.490985,0.049538,-0.960969,-0.019885,0.094051,0.001945
180,1.500000,0.491681,0.033835,-0.952555,-0.019820,0.094062,0.001942
181,1.508333,0.500954,0.024138,-0.950094,-0.019812,0.094074,0.001932
182,1.516667,0.502032,0.030378,-0.980166,-0.019831,0.094060,0.001941
183,1.525000,0.505877,0.024731,-0.954937,-0.019806,0.094065,0.001922
184,1.533333,0.499507,0.023482,-0.948449,-0.019803,0.094059,0.001927
185,1.541667,0.495014,0.042305,-0.984006,-0.019843,0.094051,0.001930
186,1.550000,0.496180,0.025189,-0.943920,-0.019802,0.094062,0.001932
187,1.558333,0.499814,0.022613,-0.951342,-0.019803,0.094064,0.001945
188,1.566667,0.502727,0.033226,-0.953074,-0.019802,0.094051,0.001941
189,1.575000,0.500082,0.037394,-0.953479,-0.019799,0.094060,0.001948
190,1.583333,0.500196,0.047428,-0.965405,-0.019861,0.094045,0.001941
191,1.591667,0.493187,0.047706,-0.971053,-0.019839,0.094046,0.001945
192,1.600000,0.499867,0.037183,-0.950651,-0.019799,0.094053,0.001937
193,1.608333,0.500434,0.029864,-0.959025,-0.019779,0.094061,0.001944
194,1.616667,0.500236,0.029839,-0.949396,-0.019801,0.094057,0.001950
195,1.625000,0.500975,0.026996,-0.952102,-0.019798,0.094061,0.001958
196,1.633333,0.498762,0.046808,-0.970457,-0.019850,0.094049,0.001941
197,1.641667,0.503314,0.026409,-0.959823,-0.019792,0.094059,0.001946
198,1.650000,0.496038,0.042133,-0.978916,-0.019850,0.094048,0.001943
199,1.658333,0.491044,0.041820,-0.969927,-0.019838,0.094051,0.001945
200,1.666667,0.501585,0.026297,-0.955909,-0.019801,0.094059,0.001958
201,1.675000,0.493816,0.027248,-0.955591,-0.019805,0.094051,0.001960
202,1.683333,0.504161,0.017869,-0.956986,-0.019788,0.094059,0.001974
203,1.691667,0.499185,0.020198,-0.956903,-0.019807,0.094057,0.001969
204,1.700000,0.498231,0.032914,-0.971456,-0.019863,0.094044,0.001961
205,1.708333,0.497294,0.033871,-0.976259,-0.019860,0.094046,0.001952
206,1.716667,0.495084,0.034506,-0.974171,-0.019845,0.094044,0.001948
207,1.725000,0.500688,0.032159,-0.982379,-0.019830,0.094050,0.001951
208,1.733333,0.487390,0.028429,-0.947352,-0.019817,0.094064,0.001960
209,1.741667,0.500797,0.036139,-0.974612,-0.019861,0.094053,0.001949
210,1.750000,0.496024,0.027954,-0.952157,-0.019792,0.094057,0.001963
211,1.758333,0.500437,0.028612,-0.957690,-0.019804,0.094057,0.001963
212,1.766667,0.497833,0.019777,-0.955228,-0.019797,0.094060,0.001967
213,1.775000,0.500143,0.044788,-0.985516,-0.019856,0.094051,0.001951
214,1.783333,0.499186,0.037085,-0.956265,-0.019809,0.094048,0.001948
215,1.791667,0.496251,0.029277,-0.968519,-0.019796,0.094046,0.001959
216,1.800000,0.497387,0.039960,-0.994574,-0.019814,0.094043,0.001938
217,1.808333,0.493897,0.021057,-0.955273,-0.019793,0.094055,0.001956
218,1.816667,0.499554,0.038885,-0.979886,-0.019843,0.094036,0.001926
219,1.825000,0.494383,0.018747,-0.960072,-0.019794,0.094048,0.001975
220,1.833333,0.500250,0.014525,-0.959300,-0.019792,0.094063,0.001957
221,1.841667,0.499497,0.034715,-0.982058,-0.019834,0.094045,0.001956
222,1.850000,0.498277,0.023589,-0.956433,-0.019794,0.094052,0.001966
223,1.858333,0.492880,0.034607,-0.946671,-0.019767,0.094074,0.001961
224,1.866667,0.494438,0.022989,-0.954051,-0.019811,0.094063,0.001972
225,1.875000,0.493942,0.029845,-0.946628,-0.019840,0.094072,0.001969
226,1.883333,0.497313,0.019458,-0.949876,-0.019809,0.094064,0.001979
227,1.891667,0.498290,0.025623,-0.959226,-0.019814,0.094047,0.001985
228,1.900000,0.500246,0.033242,-0.972280,-0.019851,0.094045,0.001949
229,1.908333,0.493425,0.026492,-0.950517,-0.019763,0.094069,0.001953
230,1.916667,0.491929,0.039683,-0.960551,-0.019877,0.094041,0.001960
231,1.925000,0.496819,0.034000,-0.948812,-0.019820,0.094070,0.001951
232,1.933333,0.498551,0.037257,-0.974306,-0.019855,0.094055,0.001945
233,1.941667,0.498598,0.042590,-0.972388,-0.019872,0.094060,0.001945
234,1.950000,0.496790,0.041818,-0.972201,-0.019867,0.094056,0.001954
235,1.958333,0.501030,0.020146,-0.960839,-0.019808,0.094067,0.001962
236,1.966667,0.495331,0.037599,-0.976061,-0.019889,0.094071,0.001953
237,1.975000,0.506825,0.027804,-0.955228,-0.019813,0.094077,0.001968
238,1.983333,0.502210,0.047248,-0.978514,-0.019874,0.094053,0.001956
239,1.991667,0.504130,0.028997,-0.947001,-0.019765,0.094077,0.001952
240,2.000000,0.497357,0.019747,-0.958642,-0.019817,0.094069,0.001968
241,2.008333,0.500337,0.023774,-0.954135,-0.019825,0.094072,0.001964
242,2.016667,0.500063,0.038156,-0.966745,-0.019864,0.094052,0.001942
243,2.025000,0.499670,0.042215,-0.969253,-0.019863,0.094039,0.001941
244,2.033333,0.499568,0.038118,-0.973559,-0.019847,0.094046,0.001945
245,2.041667,0.496206,0.026197,-0.966645,-0.019808,0.094062,0.001965
246,2.050000,0.500426,0.035964,-0.950797,-0.019809,0.094051,0.001937
247,2.058333,0.489561,0.030264,-0.948381,-0.019802,0.094044,0.001951
248,2.066667,0.489166,0.025543,-0.947157,-0.019794,0.094055,0.001962
249,2.075000,0.494958,0.029768,-0.956192,-0.019820,0.094050,0.001958
250,2.083333,0.496011,0.035799,-0.949528,-0.019811,0.094054,0.001963
251,2.091667,0.495691,0.035373,-0.958441,-0.019815,0.094059,0.001959
252,2.100000,0.496284,0.047164,-0.974875,-0.019865,0.094062,0.001941
253,2.108333,0.503716,0.029333,-0.957916,-0.019797,0.094061,0.001951
254,2.116667,0.504552,0.031579,-0.955654,-0.019814,0.094060,0.001953
255,2.125000,0.492450,0.043549,-0.972479,-0.019856,0.094047,0.001950
256,2.133333,0.493615,0.034204,-0.948979,-0.019812,0.094057,0.001952
257,2.141667,0.495461,0.025550,-0.956926,-0.019808,0.094057,0.001962
258,2.150000,0.495258,0.035069,-0.949857,-0.019817,0.094070,0.001953
259,2.158333,0.493925,0.049272,-0.968426,-0.019878,0.094042,0.001946
260,2.166667,0.500684,0.053086,-0.969943,-0.019867,0.094043,0.001951
261,2.175000,0.498761,0.040817,-0.965247,-0.019863,0.094050,0.001940
262,2.183333,0.498278,0.031833,-0.954241,-0.019809,0.094056,0.001938
263,2.191667,0.495480,0.035505,-0.955800,-0.019813,0.094070,0.001938
264,2.200000,0.503102,0.020343,-0.950164,-0.019777,0.094054,0.001948
265,2.208333,0.500799,0.047587,-0.971254,-0.019839,0.094050,0.001927
266,2.216667,0.499741,0.050882,-0.972004,-0.019836,0.094044,0.001932
267,2.225000,0.493671,0.039136,-0.944802,-0.019810,0.094067,0.001932
268,2.233333,0.498359,0.047240,-0.978602,-0.019860,0.094054,0.001926
269,2.241667,0.501219,0.046492,-0.976929,-0.019852,0.094061,0.001921
270,2.250000,0.502716,0.026807,-0.958527,-0.019808,0.094065,0.001929
271,2.258333,0.504558,0.042931,-0.982695,-0.019843,0.094059,0.001922
272,2.266667,0.503021,0.039418,-0.978681,-0.019827,0.094061,0.001933
273,2.275000,0.499385,0.045493,-0.971715,-0.019836,0.094056,0.001925
274,2.283333,0.501269,0.032413,-0.956140,-0.019819,0.094050,0.001939
275,2.291667,0.494984,0.046682,-0.977311,-0.019858,0.094047,0.001925
276,2.300000,0.504320,0.024519,-0.959911,-0.019799,0.094068,0.001942
277,2.308333,0.500229,0.035554,-0.965838,-0.019809,0.094068,0.001951
278,2.316667,0.498278,0.027476,-0.957292,-0.019814,0.094071,0.001957
279,2.325000,0.502866,0.040860,-0.983229,-0.019832,0.094056,0.001956
280,2.333333,0.476704,0.024229,-0.951109,-0.019798,0.094021,0.001968
281,2.341667,0.498599,0.034153,-0.960597,-0.019821,0.094063,0.001957
282,2.350000,0.499867,0.022305,-0.956175,-0.019801,0.094058,0.001959
283,2.358333,0.486149,0.044939,-0.979528,-0.019848,0.094039,0.001952
284,2.366667,0.497382,0.026951,-0.962785,-0.019795,0.094063,0.001964
285,2.375000,0.493464,0.047519,-0.974679,-0.019857,0.094049,0.001964
286,2.383333,0.495685,0.039538,-0.981626,-0.019870,0.094051,0.001953
287,2.391667,0.501109,0.017216,-0.967712,-0.019792,0.094064,0.001962
288,2.400000,0.499235,0.016982,-0.958626,-0.019791,0.094056,0.001961
289,2.408333,0.505827,0.021740,-0.957798,-0.019802,0.094062,0.001951
290,2.416667,0.494341,0.043828,-0.975141,-0.019854,0.094046,0.001960
291,2.425000,0.493937,0.052493,-0.975998,-0.019848,0.094030,0.001964
292,2.433333,0.501099,0.048107,-0.974810,-0.019851,0.094045,0.001957
293,2.441667,0.498511,0.030370,-0.947295,-0.019813,0.094059,0.001962
294,2.450000,0.489138,0.048011,-0.965370,-0.019866,0.094045,0.001950
295,2.458333,0.497393,0.042598,-0.979571,-0.019851,0.094054,0.001956
296,2.466667,0.499579,0.023728,-0.947276,-0.019807,0.094056,0.001974
297,2.475000,0.505721,0.034612,-0.953913,-0.019826,0.094061,0.001975
298,2.483333,0.504325,0.042221,-0.981206,-0.019847,0.094048,0.001966
299,2.491667,0.494607,0.026713,-0.955820,-0.019806,0.094074,0.001979
300,2.500000,0.463241,0.051393,-0.960922,-0.019902,0.094018,0.001961
301,2.508333,0.500355,0.022982,-0.955962,-0.019827,0.094070,0.001962
302,2.516667,0.499230,0.043834,-0.969347,-0.019871,0.094052,0.001962
303,2.525000,0.494968,0.045473,-0.980973,-0.019875,0.094059,0.001952
304,2.533333,0.501917,0.026773,-0.954857,-0.019822,0.094058,0.001962
305,2.541667,0.501320,0.043187,-0.976605,-0.019887,0.094047,0.001944
306,2.550000,0.503715,0.019712,-0.949905,-0.019818,0.094055,0.001971
307,2.558333,0.502912,0.027916,-0.953793,-0.019799,0.094052,0.001966
308,2.566667,0.500520,0.032293,-0.950283,-0.019816,0.094062,0.001953
309,2.575000,0.495169,0.051056,-0.969667,-0.019873,0.094044,0.001948
310,2.583333,0.497180,0.029759,-0.962694,-0.019835,0.094076,0.001967
311,2.591667,0.491143,0.040426,-0.979658,-0.019864,0.094050,0.001959
312,2.600000,0.501239,0.036630,-0.967157,-0.019847,0.094059,0.001940
313,2.608333,0.493893,0.029384,-0.956035,-0.019817,0.094058,0.001967
314,2.616667,0.495859,0.029900,-0.951638,-0.019815,0.094064,0.001954
315,2.625000,0.496394,0.024043,-0.974198,-0.019794,0.094067,0.001966
316,2.633333,0.495732,0.032214,-0.959510,-0.019816,0.094062,0.001950
317,2.641667,0.499066,0.031578,-0.951134,-0.019808,0.094052,0.001957
318,2.650000,0.493419,0.043067,-0.974278,-0.019866,0.094047,0.001962
319,2.658333,0.506658,0.025978,-0.957667,-0.019788,0.094062,0.001954
320,2.666667,0.500845,0.034147,-0.961724,-0.019825,0.094054,0.001944
321,2.675000,0.496803,0.031966,-0.957322,-0.019825,0.094054,0.001951
322,2.683333,0.496245,0.026465,-0.959970,-0.019818,0.094068,0.001944
323,2.691667,0.502073,0.025422,-0.955511,-0.019823,0.094064,0.001947
324,2.700000,0.498561,0.042473,-0.981340,-0.019852,0.094056,0.001946
325,2.708333,0.491977,0.029908,-0.960694,-0.019800,0.094065,0.001944
326,2.716667,0.499346,0.036390,-0.947563,-0.019822,0.094062,0.001948
327,2.725000,0.508329,0.043224,-0.982863,-0.019849,0.094063,0.001917
328,2.733333,0.498302,0.028622,-0.966618,-0.019809,0.094074,0.001946
329,2.741667,0.497083,0.043038,-0.969890,-0.019861,0.094050,0.001926
330,2.750000,0.496663,0.036994,-0.954918,-0.019808,0.094056,0.001943
331,2.758333,0.502441,0.039220,-0.982250,-0.019828,0.094041,0.001930
332,2.766667,0.504428,0.045692,-0.983523,-0.019865,0.094052,0.001943
333,2.775000,0.495508,0.032600,-0.957542,-0.019813,0.094057,0.001942
334,2.783333,0.497515,0.052956,-0.976422,-0.019874,0.094051,0.001925
335,2.791667,0.491638,0.044309,-0.976880,-0.019867,0.094051,0.001944
336,2.800000,0.503217,0.030927,-0.959678,-0.019810,0.094065,0.001947
337,2.808333,0.498522,0.021588,-0.955378,-0.019805,0.094057,0.001956
338,2.816667,0.499747,0.024568,-0.958490,-0.019797,0.094052,0.001962
339,2.825000,0.498784,0.046713,-0.985921,-0.019841,0.094056,0.001947
340,2.833333,0.501566,0.032487,-0.945257,-0.019813,0.094053,0.001964
341,2.841667,0.496655,0.043664,-0.980845,-0.019829,0.094031,0.001948
342,2.850000,0.495652,0.054389,-0.980699,-0.019849,0.094039,0.001947
343,2.858333,0.496673,0.041075,-0.976677,-0.019837,0.094045,0.001955
344,2.866667,0.494827,0.053582,-0.967755,-0.019865,0.094043,0.001955
345,2.875000,0.495852,0.045329,-0.969830,-0.019859,0.094052,0.001938
346,2.883333,0.500390,0.045724,-0.977181,-0.019851,0.094056,0.001951
347,2.891667,0.498636,0.030318,-0.950041,-0.019811,0.094070,0.001957
348,2.900000,0.496125,0.044017,-0.962834,-0.019884,0.094056,0.001948
349,2.908333,0.496535,0.034635,-0.972983,-0.019856,0.094047,0.001956
350,2.916667,0.441022,0.054263,-0.987115,-0.019862,0.094110,0.001978
351,2.925000,0.495850,0.042807,-0.971745,-0.019857,0.094055,0.001954
352,2.933333,0.496797,0.037592,-0.975316,-0.019856,0.094051,0.001949
353,2.941667,0.502601,0.031180,-0.943852,-0.019831,0.094057,0.001948
354,2.950000,0.499199,0.032910,-0.955121,-0.019819,0.094054,0.001954
355,2.958333,0.496464,0.023037,-0.952339,-0.019797,0.094060,0.001963
356,2.966667,0.506346,0.023864,-0.953932,-0.019793,0.094057,0.001949
357,2.975000,0.500784,0.033164,-0.947594,-0.019826,0.094057,0.001950
358,2.983333,0.501499,0.031730,-0.955486,-0.019813,0.094059,0.001939
359,2.991667,0.496372,0.050417,-0.966826,-0.019862,0.094038,0.001918
360,3.000000,0.499786,0.055464,-0.963201,-0.019864,0.094044,0.001919
361,3.008333,0.492241,0.051566,-0.969483,-0.019853,0.094040,0.001916
362,3.016667,0.500711,0.052760,-0.979374,-0.019853,0.094041,0.001918
363,3.025000,0.493724,0.027267,-0.955279,-0.019805,0.094061,0.001946
364,3.033333,0.498583,0.039584,-0.960252,-0.019827,0.094060,0.001948
365,3.041667,0.491321,0.036446,-0.949770,-0.019824,0.094053,0.001956
366,3.050000,0.493165,0.030256,-0.954068,-0.019806,0.094068,0.001953
367,3.058333,0.494323,0.030587,-0.959017,-0.019784,0.094067,0.001959
368,3.066667,0.499117,0.050954,-0.971743,-0.019863,0.094051,0.001945
369,3.075000,0.498507,0.024692,-0.953235,-0.019809,0.094054,0.001950
370,3.083333,0.487354,0.039276,-0.946698,-0.019825,0.094072,0.001954
371,3.091667,0.489649,0.032822,-0.952609,-0.019810,0.094078,0.001955
372,3.100000,0.490076,0.037823,-0.955856,-0.019823,0.094076,0.001946
373,3.108333,0.495286,0.029012,-0.955911,-0.019796,0.094076,0.001952
374,3.116667,0.488521,0.047486,-0.970823,-0.019845,0.094063,0.001933
375,3.125000,0.495524,0.025413,-0.953612,-0.019809,0.094076,0.001954
376,3.133333,0.503789,0.033851,-0.976182,-0.019824,0.094070,0.001946
377,3.141667,0.499750,0.045177,-0.973988,-0.019840,0.094052,0.001944
378,3.150000,0.493201,0.051503,-0.969710,-0.019851,0.094058,0.001942
379,3.158333,0.505180,0.024144,-0.954126,-0.019799,0.094059,0.001955
380,3.166667,0.496408,0.029987,-0.940975,-0.019814,0.094054,0.001946
381,3.175000,0.504158,0.030875,-0.953027,-0.019816,0.094068,0.001953
382,3.183333,0.497128,0.018671,-0.948598,-0.019803,0.094065,0.001960
383,3.191667,0.493823,0.041823,-0.974080,-0.019839,0.094063,0.001952
384,3.200000,0.495076,0.027923,-0.963483,-0.019800,0.094064,0.001957
385,3.208333,0.502017,0.031868,-0.947105,-0.019815,0.094069,0.001948
386,3.216667,0.494769,0.042707,-0.988981,-0.019842,0.094060,0.001951
387,3.225000,0.496736,0.023180,-0.958738,-0.019801,0.094068,0.001939
388,3.233333,0.495284,0.026426,-0.958937,-0.019797,0.094061,0.001953
389,3.241667,0.497935,0.029117,-0.948728,-0.019811,0.094061,0.001951
390,3.250000,0.500237,0.028924,-0.962472,-0.019818,0.094063,0.001946
391,3.258333,0.500755,0.023926,-0.958930,-0.019797,0.094062,0.001961
392,3.266667,0.500082,0.023894,-0.957619,-0.019800,0.094060,0.001952
393,3.275000,0.499366,0.030131,-0.958909,-0.019809,0.094076,0.001949
394,3.283333,0.499226,0.051592,-0.980142,-0.019858,0.094061,0.001942
395,3.291667,0.504485,0.025462,-0.954495,-0.019802,0.094066,0.001945
396,3.300000,0.500450,0.029565,-0.950838,-0.019802,0.094062,0.001954
397,3.308333,0.499730,0.044451,-0.983390,-0.019845,0.094054,0.001928
398,3.316667,0.497330,0.048471,-0.961180,-0.019876,0.094056,0.001917
399,3.325000,0.498054,0.021894,-0.954546,-0.019790,0.094061,0.001955
400,3.333333,0.492278,0.043654,-0.971535,-0.019853,0.094055,0.001934
401,3.341667,0.495538,0.030957,-0.951814,-0.019802,0.094055,0.001951
402,3.350000,0.507312,0.015930,-0.966532,-0.019788,0.094056,0.001960
403,3.358333,0.496377,0.046231,-0.978460,-0.019849,0.094065,0.001942
404,3.366667,0.501507,0.049113,-0.980321,-0.019858,0.094053,0.001928
405,3.375000,0.503169,0.021005,-0.951699,-0.019794,0.094074,0.001943
406,3.383333,0.497194,0.024710,-0.954491,-0.019809,0.094076,0.001950
407,3.391667,0.496174,0.025582,-0.952764,-0.019817,0.094049,0.001944
408,3.400000,0.488022,0.045956,-0.972836,-0.019876,0.094048,0.001943
409,3.408333,0.496433,0.033430,-0.961076,-0.019804,0.094060,0.001957
410,3.416667,0.496864,0.026442,-0.952428,-0.019810,0.094060,0.001954
411,3.425000,0.497898,0.026183,-0.952924,-0.019807,0.094062,0.001961
412,3.433333,0.494276,0.025704,-0.962726,-0.019799,0.094058,0.001972
413,3.441667,0.493216,0.030182,-0.949477,-0.019828,0.094064,0.001945
414,3.450000,0.495796,0.030052,-0.956602,-0.019827,0.094065,0.001940
415,3.458333,0.496583,0.038747,-0.976376,-0.019867,0.094061,0.001930
416,3.466667,0.497611,0.045129,-0.973057,-0.019877,0.094052,0.001943
417,3.475000,0.504987,0.025199,-0.963851,-0.019801,0.094077,0.001957
418,3.483333,0.503728,0.051448,-0.968134,-0.019871,0.094063,0.001924
419,3.491667,0.503346,0.022911,-0.962168,-0.019817,0.094064,0.001954
420,3.500000,0.498120,0.022330,-0.956698,-0.019816,0.094066,0.001945
421,3.508333,0.502461,0.026138,-0.960264,-0.019819,0.094069,0.001943
422,3.516667,0.499526,0.024978,-0.961351,-0.019813,0.094078,0.001957
423,3.525000,0.503718,0.036480,-0.971870,-0.019863,0.094055,0.001944
424,3.533333,0.505411,0.051288,-0.964561,-0.019890,0.094051,0.001939
425,3.541667,0.496218,0.052139,-0.959253,-0.019887,0.094055,0.001931
426,3.550000,0.506557,0.036276,-0.974931,-0.019832,0.094057,0.001966
427,3.558333,0.504421,0.045011,-0.968732,-0.019865,0.094052,0.001944
428,3.566667,0.499956,0.024539,-0.951435,-0.019836,0.094066,0.001960
429,3.575000,0.497096,0.043979,-0.962499,-0.019858,0.094054,0.001943
430,3.583333,0.497800,0.043606,-0.965176,-0.019869,0.094046,0.001933
431,3.591667,0.506381,0.022283,-0.950128,-0.019793,0.094060,0.001961
432,3.600000,0.493361,0.041114,-0.965922,-0.019857,0.094060,0.001939
433,3.608333,0.493260,0.040636,-0.961561,-0.019866,0.094060,0.001940
434,3.616667,0.496155,0.056296,-0.969328,-0.019868,0.094047,0.001941
435,3.625000,0.500958,0.025878,-0.952288,-0.019810,0.094072,0.001950
436,3.633333,0.493131,0.051101,-0.968890,-0.019863,0.094046,0.001958
437,3.641667,0.495991,0.022798,-0.949062,-0.019823,0.094064,0.001967
438,3.650000,0.499339,0.029669,-0.947503,-0.019825,0.094065,0.001952
439,3.658333,0.498791,0.030342,-0.955389,-0.019819,0.094059,0.001962
440,3.666667,0.504797,0.022230,-0.957538,-0.019796,0.094067,0.001959
441,3.675000,0.496962,0.028848,-0.947168,-0.019832,0.094063,0.001950
442,3.683333,0.497916,0.036086,-0.954350,-0.019822,0.094069,0.001964
443,3.691667,0.495350,0.048159,-0.967726,-0.019875,0.094041,0.001944
444,3.700000,0.492219,0.060459,-0.978409,-0.019813,0.094037,0.001934
445,3.708333,0.500334,0.056460,-0.991707,-0.019778,0.094048,0.001929
446,3.716667,0.445506,0.039650,-0.976135,-0.019802,0.094118,0.001990
447,3.725000,0.496694,0.028608,-0.944450,-0.019804,0.094058,0.001945
448,3.733333,0.498991,0.036132,-0.944566,-0.019818,0.094060,0.001953
449,3.741667,0.495360,0.031052,-0.948140,-0.019811,0.094078,0.001947
450,3.750000,0.506137,0.027382,-0.958472,-0.019799,0.094072,0.001954
451,3.758333,0.505903,0.033875,-0.949933,-0.019802,0.094072,0.001953
452,3.766667,0.498629,0.019456,-0.948123,-0.019785,0.094076,0.001958
453,3.775000,0.502162,0.021801,-0.958799,-0.019799,0.094068,0.001957
454,3.783333,0.501125,0.024860,-0.948180,-0.019806,0.094062,0.001949
455,3.791667,0.501907,0.027986,-0.953462,-0.019837,0.094067,0.001948
456,3.800000,0.492298,0.044784,-0.965859,-0.019892,0.094050,0.001939
457,3.808333,0.503105,0.025534,-0.953066,-0.019813,0.094059,0.001947
458,3.816667,0.504011,0.044834,-0.965885,-0.019883,0.094057,0.001937
459,3.825000,0.501017,0.036443,-0.946980,-0.019826,0.094064,0.001957
460,3.833333,0.501591,0.020273,-0.955250,-0.019811,0.094064,0.001948
461,3.841667,0.492917,0.025558,-0.943303,-0.019815,0.094060,0.001956
462,3.850000,0.496084,0.029239,-0.945689,-0.019827,0.094067,0.001954
463,3.858333,0.494213,0.025545,-0.952163,-0.019802,0.094055,0.001957
464,3.866667,0.507157,0.016299,-0.958450,-0.019793,0.094058,0.001962
465,3.875000,0.500196,0.033555,-0.942344,-0.019804,0.094060,0.001969
466,3.883333,0.497538,0.037102,-0.950294,-0.019829,0.094076,0.001953
467,3.891667,0.505646,0.028430,-0.945643,-0.019812,0.094071,0.001949
468,3.900000,0.507260,0.033342,-0.960496,-0.019832,0.094064,0.001958
469,3.908333,0.502232,0.037535,-0.946135,-0.019833,0.094052,0.001956
470,3.916667,0.498324,0.043729,-0.973853,-0.019864,0.094058,0.001952
471,3.925000,0.504364,0.029907,-0.951860,-0.019820,0.094059,0.001961
472,3.933333,0.505850,0.030632,-0.937266,-0.019839,0.094065,0.001955
473,3.941667,0.505518,0.021973,-0.948540,-0.019821,0.094081,0.001956
474,3.950000,0.503041,0.046129,-0.973416,-0.019868,0.094063,0.001955
475,3.958333,0.500313,0.044415,-0.960349,-0.019890,0.094045,0.001949
476,3.966667,0.494025,0.029241,-0.946068,-0.019835,0.094071,0.001949
477,3.975000,0.500102,0.022883,-0.943559,-0.019822,0.094068,0.001953
478,3.983333,0.499068,0.028555,-0.953840,-0.019833,0.094083,0.001963
479,3.991667,0.497472,0.043076,-0.966480,-0.019891,0.094066,0.001956
480,4.000000,0.502199,0.026823,-0.952171,-0.019819,0.094068,0.001955
481,4.008333,0.499926,0.049328,-0.965904,-0.019891,0.094058,0.001938
482,4.016667,0.502190,0.034638,-0.950016,-0.019823,0.094068,0.001959
483,4.025000,0.496391,0.028364,-0.942211,-0.019808,0.094052,0.001961
484,4.033333,0.491961,0.049945,-0.966489,-0.019855,0.094051,0.001952
485,4.041667,0.503113,0.040423,-0.958392,-0.019859,0.094046,0.001940
486,4.050000,0.505507,0.037765,-0.964031,-0.019864,0.094053,0.001943
487,4.058333,0.504440,0.039673,-0.970192,-0.019852,0.094060,0.001943
488,4.066667,0.490803,0.046638,-0.966554,-0.019868,0.094066,0.001940
489,4.075000,0.493225,0.048183,-0.973499,-0.019874,0.094054,0.001932
490,4.083333,0.493398,0.054109,-0.972368,-0.019886,0.094047,0.001943
491,4.091667,0.500026,0.031883,-0.948297,-0.019822,0.094067,0.001969
492,4.100000,0.491264,0.028267,-0.946357,-0.019815,0.094053,0.001957
493,4.108333,0.500254,0.029516,-0.951500,-0.019822,0.094048,0.001950
494,4.116667,0.494978,0.024350,-0.951117,-0.019823,0.094052,0.001950
495,4.125000,0.498637,0.029283,-0.948172,-0.019812,0.094068,0.001961
496,4.133333,0.502151,0.026468,-0.951884,-0.019811,0.094063,0.001960
497,4.141667,0.502949,0.020052,-0.960436,-0.019821,0.094061,0.001943
498,4.150000,0.501191,0.030883,-0.955086,-0.019816,0.094060,0.001943
499,4.158333,0.501623,0.019108,-0.959996,-0.019798,0.094063,0.001961
500,4.166667,0.498256,0.037717,-0.977471,-0.019854,0.094054,0.001939
501,4.175000,0.497087,0.035807,-0.945800,-0.019830,0.094065,0.001949
502,4.183333,0.487927,0.045930,-0.978093,-0.019856,0.094057,0.001939
503,4.191667,0.496422,0.030316,-0.958546,-0.019811,0.094061,0.001959
504,4.200000,0.496791,0.039938,-0.946734,-0.019825,0.094072,0.001958
505,4.208333,0.492402,0.031512,-0.952116,-0.019810,0.094066,0.001962
506,4.216667,0.505614,0.026798,-0.947936,-0.019808,0.094063,0.001953
507,4.225000,0.492724,0.048085,-0.965838,-0.019877,0.094057,0.001938
508,4.233333,0.498307,0.042904,-0.965466,-0.019893,0.094072,0.001928
509,4.241667,0.501061,0.023157,-0.953559,-0.019799,0.094067,0.001952
510,4.250000,0.501479,0.029550,-0.945215,-0.019815,0.094078,0.001945
511,4.258333,0.501185,0.034136,-0.956442,-0.019824,0.094079,0.001949
512,4.266667,0.508500,0.021883,-0.967068,-0.019807,0.094082,0.001949
513,4.275000,0.506895,0.047911,-0.970552,-0.019864,0.094058,0.001935
514,4.283333,0.507341,0.031833,-0.946944,-0.019815,0.094053,0.001949
515,4.291667,0.500590,0.021646,-0.945374,-0.019801,0.094056,0.001954
516,4.300000,0.497792,0.022807,-0.959306,-0.019805,0.094069,0.001936
517,4.308333,0.490412,0.045347,-0.966041,-0.019872,0.094044,0.001935
518,4.316667,0.500972,0.030284,-0.950284,-0.019785,0.094072,0.001950
519,4.325000,0.496291,0.048151,-0.969244,-0.019877,0.094058,0.001936
520,4.333333,0.499414,0.030725,-0.945501,-0.019750,0.094078,0.001965
521,4.341667,0.492723,0.021671,-0.955663,-0.019820,0.094064,0.001971
522,4.350000,0.503520,0.054515,-0.992449,-0.019759,0.094050,0.001951
523,4.358333,0.502662,0.031974,-0.950887,-0.019764,0.094076,0.001938
524,4.366667,0.499717,0.021508,-0.954387,-0.019812,0.094067,0.001961
525,4.375000,0.494922,0.038799,-0.963816,-0.019860,0.094054,0.001951
526,4.383333,0.504080,0.030171,-0.951497,-0.019821,0.094066,0.001949
527,4.391667,0.499708,0.025649,-0.948685,-0.019808,0.094070,0.001954
528,4.400000,0.504428,0.032830,-0.967715,-0.019829,0.094079,0.001942
529,4.408333,0.503288,0.021700,-0.945600,-0.019800,0.094070,0.001946
530,4.416667,0.499798,0.042373,-0.974395,-0.019857,0.094061,0.001933
531,4.425000,0.498588,0.037475,-0.974273,-0.019855,0.094059,0.001927
532,4.433333,0.491481,0.050828,-0.963000,-0.019865,0.094043,0.001937
533,4.441667,0.497487,0.034156,-0.941542,-0.019818,0.094053,0.001953
534,4.450000,0.501096,0.027130,-0.947848,-0.019801,0.094050,0.001945
535,4.458333,0.499279,0.033201,-0.946419,-0.019818,0.094055,0.001933
536,4.466667,0.498808,0.043159,-0.959955,-0.019868,0.094031,0.001929
537,4.475000,0.505804,0.040244,-0.968190,-0.019864,0.094048,0.001922
538,4.483333,0.494475,0.047599,-0.980003,-0.019843,0.094049,0.001939
539,4.491667,0.510155,0.049095,-0.973953,-0.019864,0.094047,0.001944
540,4.500000,0.496433,0.045400,-0.967216,-0.019859,0.094047,0.001933
541,4.508333,0.496332,0.040931,-0.973924,-0.019835,0.094064,0.001943
542,4.516667,0.496504,0.031279,-0.953695,-0.019833,0.094073,0.001953
543,4.525000,0.502359,0.022658,-0.955483,-0.019797,0.094064,0.001957
544,4.533333,0.504091,0.042968,-0.975517,-0.019880,0.094076,0.001938
545,4.541667,0.498419,0.029528,-0.955194,-0.019817,0.094081,0.001957
546,4.550000,0.504479,0.024380,-0.951199,-0.019810,0.094071,0.001949
547,4.558333,0.494023,0.020934,-0.953689,-0.019806,0.094060,0.001963
548,4.566667,0.505982,0.041728,-0.974523,-0.019840,0.094059,0.001944
549,4.575000,0.499135,0.042349,-0.976555,-0.019879,0.094068,0.001931
550,4.583333,0.493671,0.048594,-0.976914,-0.019868,0.094060,0.001949
551,4.591667,0.502832,0.029117,-0.958716,-0.019802,0.094083,0.001975
552,4.600000,0.493661,0.048325,-0.972773,-0.019864,0.094063,0.001948
553,4.608333,0.500866,0.038408,-0.949162,-0.019825,0.094072,0.001962
554,4.616667,0.490348,0.054623,-0.968323,-0.019878,0.094058,0.001946
555,4.625000,0.492217,0.053056,-0.974453,-0.019875,0.094062,0.001945
556,4.633333,0.494582,0.057520,-0.970161,-0.019862,0.094069,0.001942
557,4.641667,0.491979,0.051247,-0.978007,-0.019866,0.094063,0.001956
558,4.650000,0.493856,0.047728,-0.985910,-0.019853,0.094064,0.001950
559,4.658333,0.495210,0.051593,-0.971860,-0.019863,0.094057,0.001943
560,4.666667,0.496601,0.049656,-0.971460,-0.019872,0.094071,0.001939
561,4.675000,0.498247,0.026891,-0.946819,-0.019810,0.094066,0.001948
562,4.683333,0.499602,0.031809,-0.954957,-0.019811,0.094078,0.001957
563,4.691667,0.497660,0.029126,-0.952554,-0.019806,0.094063,0.001957
564,4.700000,0.491769,0.028091,-0.951676,-0.019807,0.094061,0.001969
565,4.708333,0.493293,0.029213,-0.959879,-0.019795,0.094067,0.001975
566,4.716667,0.502102,0.030696,-0.980036,-0.019840,0.094055,0.001945
567,4.725000,0.498307,0.032453,-0.979103,-0.019843,0.094062,0.001950
568,4.733333,0.496343,0.043934,-0.969307,-0.019856,0.094051,0.001954
569,4.741667,0.498017,0.031406,-0.979730,-0.019853,0.094052,0.001944
570,4.750000,0.505156,0.032804,-0.980004,-0.019860,0.094056,0.001934
571,4.758333,0.508956,0.022054,-0.956726,-0.019794,0.094074,0.001945
572,4.766667,0.503606,0.021041,-0.959408,-0.019805,0.094063,0.001947
573,4.775000,0.500564,0.014984,-0.963797,-0.019798,0.094067,0.001956
574,4.783333,0.496146,0.021797,-0.965657,-0.019803,0.094073,0.001947
575,4.791667,0.502862,0.040832,-0.977865,-0.019857,0.094050,0.001947
576,4.800000,0.495502,0.042151,-0.981049,-0.019869,0.094058,0.001941
577,4.808333,0.498405,0.041600,-0.969861,-0.019881,0.094052,0.001945
578,4.816667,0.504930,0.039684,-0.976564,-0.019833,0.094049,0.001944
579,4.825000,0.490819,0.039298,-0.967604,-0.019849,0.094047,0.001933
580,4.833333,0.496119,0.023087,-0.965372,-0.019790,0.094062,0.001953
581,4.841667,0.495915,0.031500,-0.948160,-0.019810,0.094067,0.001959
582,4.850000,0.497151,0.035446,-0.952988,-0.019823,0.094069,0.001947
583,4.858333,0.489084,0.040745,-0.972136,-0.019859,0.094058,0.001950
584,4.866667,0.500135,0.025451,-0.949429,-0.019804,0.094055,0.001964
585,4.875000,0.494545,0.051610,-0.963419,-0.019875,0.094034,0.001941
586,4.883333,0.499627,0.048898,-0.964961,-0.019855,0.094042,0.001938
587,4.891667,0.502535,0.022237,-0.958009,-0.019791,0.094051,0.001951
588,4.900000,0.499954,0.041391,-0.974122,-0.019847,0.094053,0.001933
589,4.908333,0.501377,0.041233,-0.980136,-0.019849,0.094064,0.001939
590,4.916667,0.500249,0.034006,-0.959120,-0.019823,0.094090,0.001937
591,4.925000,0.497769,0.021500,-0.953170,-0.019797,0.094073,0.001942
592,4.933333,0.500993,0.024091,-0.966301,-0.019800,0.094072,0.001940
593,4.941667,0.493700,0.026311,-0.957488,-0.019810,0.094074,0.001944
594,4.950000,0.499031,0.033358,-0.961736,-0.019802,0.094066,0.001936
595,4.958333,0.504611,0.026823,-0.956778,-0.019811,0.094075,0.001941
596,4.966667,0.488670,0.031695,-0.954249,-0.019804,0.094061,0.001950
597,4.975000,0.504783,0.038901,-0.967433,-0.019856,0.094047,0.001944
598,4.983333,0.501368,0.047828,-0.974313,-0.019861,0.094067,0.001931
599,4.991667,0.506189,0.047372,-0.985539,-0.019865,0.094072,0.001927
600,5.000000,0.446866,0.056080,-0.992896,-0.019840,0.094134,0.001986
601,5.008333,0.494786,0.048250,-0.979018,-0.019870,0.094058,0.001969
602,5.016667,0.493377,0.041034,-0.984285,-0.019852,0.094053,0.001971
603,5.025000,0.505010,0.044308,-0.980086,-0.019865,0.094048,0.001950
604,5.033333,0.500086,0.032857,-0.942180,-0.019819,0.094063,0.001955
605,5.041667,0.496058,0.026431,-0.947055,-0.019822,0.094054,0.001957
606,5.050000,0.502171,0.032436,-0.940539,-0.019807,0.094045,0.001968
607,5.058333,0.491267,0.036990,-0.963780,-0.019865,0.094040,0.001966
608,5.066667,0.496881,0.025738,-0.949971,-0.019815,0.094057,0.001985
609,5.075000,0.487020,0.047370,-0.964668,-0.019879,0.094060,0.001969
610,5.083333,0.493577,0.049394,-0.970080,-0.019880,0.094045,0.001961
611,5.091667,0.488027,0.046449,-0.959097,-0.019895,0.094061,0.001961
612,5.100000,0.494281,0.047367,-0.969110,-0.019852,0.094054,0.001963
613,5.108333,0.501275,0.050536,-0.969336,-0.019884,0.094045,0.001947
614,5.116667,0.495424,0.025998,-0.951313,-0.019808,0.094061,0.001942
615,5.125000,0.503099,0.045350,-0.974087,-0.019869,0.094046,0.001939
616,5.133333,0.494514,0.043438,-0.976693,-0.019892,0.094051,0.001960
617,5.141667,0.502890,0.039578,-0.986272,-0.019835,0.094043,0.001947
618,5.150000,0.495471,0.033726,-0.959277,-0.019784,0.094071,0.001946
619,5.158333,0.496774,0.026819,-0.944164,-0.019810,0.094067,0.001951
620,5.166667,0.492874,0.047832,-0.972630,-0.019870,0.094058,0.001949
621,5.175000,0.490941,0.045323,-0.966804,-0.019871,0.094052,0.001959
622,5.183333,0.501644,0.038304,-0.981589,-0.019841,0.094045,0.001965
623,5.191667,0.503220,0.041162,-0.979039,-0.019866,0.094038,0.001956
624,5.200000,0.494671,0.027655,-0.957168,-0.019806,0.094048,0.001945
625,5.208333,0.494494,0.041535,-0.978438,-0.019854,0.094055,0.001942
626,5.216667,0.496206,0.031083,-0.954372,-0.019786,0.094064,0.001960
627,5.225000,0.497954,0.043720,-0.968435,-0.019854,0.094046,0.001927
628,5.233333,0.503935,0.045314,-0.974871,-0.019853,0.094050,0.001938
629,5.241667,0.506195,0.043409,-0.978322,-0.019838,0.094058,0.001924
630,5.250000,0.492374,0.042808,-0.977623,-0.019834,0.094054,0.001933
631,5.258333,0.496846,0.042113,-0.977359,-0.019830,0.094050,0.001936
632,5.266667,0.504437,0.039691,-0.978460,-0.019823,0.094060,0.001934
633,5.275000,0.499010,0.037324,-0.976814,-0.019839,0.094051,0.001931
634,5.283333,0.492748,0.028396,-0.981866,-0.019832,0.094051,0.001939
635,5.291667,0.499857,0.027155,-0.956404,-0.019802,0.094065,0.001943
636,5.300000,0.495610,0.039870,-0.971436,-0.019860,0.094050,0.001946
637,5.308333,0.499637,0.038524,-0.977634,-0.019845,0.094048,0.001947
638,5.316667,0.499166,0.022522,-0.960472,-0.019788,0.094061,0.001968
639,5.325000,0.495396,0.031732,-0.967760,-0.019827,0.094054,0.001947
640,5.333333,0.501193,0.012354,-0.952032,-0.019788,0.094070,0.001956
641,5.341667,0.495822,0.042597,-0.970532,-0.019863,0.094059,0.001947
642,5.350000,0.494563,0.045153,-0.976961,-0.019862,0.094044,0.001942
643,5.358333,0.493618,0.048592,-0.971103,-0.019852,0.094061,0.001944
644,5.366667,0.499569,0.017314,-0.965294,-0.019794,0.094072,0.001953
645,5.375000,0.498472,0.040743,-0.975828,-0.019855,0.094068,0.001948
646,5.383333,0.495789,0.022929,-0.962672,-0.019801,0.094069,0.001953
647,5.391667,0.499429,0.039775,-0.975883,-0.019870,0.094058,0.001928
648,5.400000,0.487468,0.040909,-0.968846,-0.019881,0.094069,0.001944
649,5.408333,0.490715,0.019516,-0.960794,-0.019797,0.094069,0.001953
650,5.416667,0.495190,0.030327,-0.958188,-0.019801,0.094075,0.001950
651,5.425000,0.499023,0.044460,-0.972379,-0.019848,0.094059,0.001948
652,5.433333,0.492969,0.058087,-0.967432,-0.019858,0.094069,0.001931
653,5.441667,0.498316,0.050346,-0.971862,-0.019856,0.094064,0.001937
654,5.450000,0.494844,0.051511,-0.972236,-0.019851,0.094067,0.001920
655,5.458333,0.499213,0.027391,-0.955854,-0.019807,0.094069,0.001950
656,5.466667,0.496364,0.029912,-0.948036,-0.019806,0.094061,0.001955
657,5.475000,0.496129,0.037261,-0.982597,-0.019831,0.094056,0.001937
658,5.483333,0.492527,0.044375,-0.972285,-0.019876,0.094053,0.001937
659,5.491667,0.494790,0.050209,-0.973941,-0.019851,0.094054,0.001934
660,5.500000,0.500610,0.031076,-0.982394,-0.019831,0.094056,0.001951
661,5.508333,0.499080,0.047513,-0.972538,-0.019863,0.094059,0.001936
662,5.516667,0.491031,0.033524,-0.949232,-0.019805,0.094065,0.001952
663,5.525000,0.496530,0.047371,-0.969791,-0.019865,0.094065,0.001938
664,5.533333,0.493205,0.027211,-0.951362,-0.019810,0.094066,0.001961
665,5.541667,0.497969,0.042345,-0.979525,-0.019851,0.094055,0.001935
666,5.550000,0.493799,0.044533,-0.969296,-0.019869,0.094043,0.001939
667,5.558333,0.500160,0.025674,-0.952111,-0.019804,0.094064,0.001957
668,5.566667,0.495617,0.045270,-0.958264,-0.019879,0.094051,0.001937
669,5.575000,0.502835,0.027034,-0.950739,-0.019817,0.094054,0.001959
670,5.583333,0.490520,0.059027,-0.961546,-0.019889,0.094048,0.001928
671,5.591667,0.493687,0.046079,-0.971986,-0.019844,0.094051,0.001936
672,5.600000,0.496604,0.045156,-0.968137,-0.019861,0.094050,0.001954
673,5.608333,0.492605,0.046789,-0.969191,-0.019864,0.094052,0.001945
674,5.616667,0.504269,0.044570,-0.978801,-0.019859,0.094055,0.001947
675,5.625000,0.503992,0.021859,-0.958857,-0.019800,0.094062,0.001958
676,5.633333,0.501702,0.040020,-0.974011,-0.019838,0.094045,0.001936
677,5.641667,0.498056,0.027256,-0.955049,-0.019803,0.094060,0.001949
678,5.650000,0.493100,0.040053,-0.971460,-0.019881,0.094042,0.001933
679,5.658333,0.489504,0.018096,-0.959219,-0.019819,0.094062,0.001958
680,5.666667,0.498510,0.037438,-0.981557,-0.019855,0.094050,0.001931
681,5.675000,0.505013,0.024146,-0.957768,-0.019812,0.094044,0.001936
682,5.683333,0.491642,0.045829,-0.969891,-0.019867,0.094037,0.001929
683,5.691667,0.501674,0.041176,-0.981921,-0.019834,0.094042,0.001939
684,5.700000,0.502762,0.027717,-0.949172,-0.019807,0.094058,0.001949
685,5.708333,0.498689,0.036053,-0.970870,-0.019863,0.094048,0.001936
686,5.716667,0.494793,0.036394,-0.976239,-0.019858,0.094054,0.001947
687,5.725000,0.487798,0.034008,-0.968373,-0.019865,0.094037,0.001934
688,5.733333,0.497016,0.037967,-0.967952,-0.019851,0.094038,0.001947
689,5.741667,0.499003,0.035491,-0.972761,-0.019846,0.094038,0.001935
690,5.750000,0.496422,0.032064,-0.953570,-0.019810,0.094060,0.001946
691,5.758333,0.497830,0.047462,-0.968344,-0.019853,0.094041,0.001920
692,5.766667,0.504767,0.020332,-0.962277,-0.019784,0.094069,0.001938
693,5.775000,0.493660,0.025389,-0.954114,-0.019800,0.094072,0.001934
694,5.783333,0.505307,0.027437,-0.953127,-0.019811,0.094068,0.001937
695,5.791667,0.494734,0.042853,-0.972559,-0.019846,0.094061,0.001922
696,5.800000,0.494137,0.031828,-0.951566,-0.019823,0.094068,0.001934
697,5.808333,0.502632,0.032805,-0.945606,-0.019818,0.094076,0.001943
698,5.816667,0.502236,0.036293,-0.976021,-0.019845,0.094065,0.001922
699,5.825000,0.494437,0.027246,-0.947683,-0.019815,0.094074,0.001926
700,5.833333,0.490681,0.045128,-0.972283,-0.019864,0.094059,0.001918
701,5.841667,0.493921,0.039102,-0.982740,-0.019851,0.094066,0.001937
702,5.850000,0.503046,0.028701,-0.952156,-0.019801,0.094067,0.001937
703,5.858333,0.503167,0.032757,-0.954693,-0.019815,0.094062,0.001942
704,5.866667,0.499110,0.028889,-0.955382,-0.019807,0.094073,0.001942
705,5.875000,0.493468,0.038925,-0.934037,-0.019831,0.094056,0.001935
706,5.883333,0.496144,0.029547,-0.950318,-0.019820,0.094043,0.001942
707,5.891667,0.501875,0.020148,-0.957084,-0.019802,0.094059,0.001947
708,5.900000,0.495698,0.029611,-0.954580,-0.019812,0.094050,0.001943
709,5.908333,0.500149,0.030805,-0.953740,-0.019810,0.094049,0.001942
710,5.916667,0.497661,0.041845,-0.976390,-0.019851,0.094047,0.001945
711,5.925000,0.497928,0.043788,-0.970104,-0.019876,0.094037,0.001923
712,5.933333,0.508545,0.016221,-0.968723,-0.019781,0.094051,0.001938
713,5.941667,0.502087,0.034457,-0.953611,-0.019815,0.094064,0.001934
714,5.950000,0.502897,0.042294,-0.970480,-0.019856,0.094047,0.001926
715,5.958333,0.505036,0.020669,-0.967841,-0.019795,0.094070,0.001940
716,5.966667,0.493552,0.042493,-0.969847,-0.019864,0.094062,0.001924
717,5.975000,0.498923,0.050016,-0.972260,-0.019853,0.094059,0.001931
718,5.983333,0.505147,0.044913,-0.986886,-0.019846,0.094057,0.001936
719,5.991667,0.497818,0.024062,-0.960515,-0.019810,0.094075,0.001944
720,6.000000,0.473300,0.058849,-0.962378,-0.019878,0.094020,0.001935
721,6.008333,0.488774,0.052940,-0.978792,-0.019864,0.094053,0.001932
722,6.016667,0.502798,0.047425,-0.971414,-0.019856,0.094055,0.001939
723,6.025000,0.492410,0.044251,-0.975376,-0.019878,0.094058,0.001931
724,6.033333,0.493910,0.025753,-0.949196,-0.019823,0.094065,0.001935
725,6.041667,0.502103,0.026134,-0.957864,-0.019811,0.094080,0.001929
726,6.050000,0.500687,0.034688,-0.948197,-0.019813,0.094073,0.001926
727,6.058333,0.496848,0.027112,-0.946623,-0.019816,0.094070,0.001951
728,6.066667,0.491745,0.048179,-0.971003,-0.019856,0.094052,0.001938
729,6.075000,0.492275,0.048091,-0.973611,-0.019841,0.094057,0.001945
730,6.083333,0.501276,0.042199,-0.974240,-0.019851,0.094058,0.001940
731,6.091667,0.494966,0.031951,-0.953446,-0.019818,0.094071,0.001944
732,6.100000,0.500869,0.044227,-0.977775,-0.019851,0.094060,0.001945
733,6.108333,0.500261,0.033633,-0.951217,-0.019811,0.094070,0.001951
734,6.116667,0.491423,0.025970,-0.949442,-0.019801,0.094069,0.001947
735,6.125000,0.492825,0.029129,-0.959769,-0.019809,0.094068,0.001941
736,6.133333,0.497575,0.040851,-0.965337,-0.019857,0.094057,0.001931
737,6.141667,0.503263,0.029888,-0.944152,-0.019809,0.094051,0.001938
738,6.150000,0.498346,0.045534,-0.964103,-0.019857,0.094037,0.001936
739,6.158333,0.495199,0.046169,-0.967893,-0.019835,0.094046,0.001938
740,6.166667,0.497049,0.041628,-0.950340,-0.019819,0.094071,0.001947
741,6.175000,0.503611,0.042307,-0.966971,-0.019871,0.094057,0.001928
742,6.183333,0.498253,0.034282,-0.950706,-0.019801,0.094063,0.001953
743,6.191667,0.501079,0.034997,-0.979845,-0.019827,0.094052,0.001942
744,6.200000,0.492618,0.052665,-0.976223,-0.019865,0.094059,0.001938
745,6.208333,0.505362,0.026589,-0.957178,-0.019804,0.094055,0.001957
746,6.216667,0.494039,0.051803,-0.961637,-0.019882,0.094048,0.001927
747,6.225000,0.497195,0.036086,-0.945110,-0.019813,0.094050,0.001949
748,6.233333,0.499225,0.029171,-0.950963,-0.019811,0.094059,0.001948
749,6.241667,0.493606,0.049556,-0.957471,-0.019895,0.094035,0.001942
750,6.250000,0.494893,0.038325,-0.976334,-0.019868,0.094051,0.001941
751,6.258333,0.498198,0.041743,-0.969291,-0.019851,0.094043,0.001943
752,6.266667,0.498696,0.034003,-0.942166,-0.019816,0.094078,0.001946
753,6.275000,0.491255,0.031151,-0.946692,-0.019813,0.094070,0.001959
754,6.283333,0.497344,0.043427,-0.962906,-0.019850,0.094057,0.001943
755,6.291667,0.496983,0.046541,-0.974904,-0.019856,0.094062,0.001947
756,6.300000,0.497398,0.045780,-0.968964,-0.019852,0.094064,0.001933
757,6.308333,0.495915,0.032915,-0.942271,-0.019824,0.094062,0.001959
758,6.316667,0.495708,0.041973,-0.967348,-0.019875,0.094055,0.001940
759,6.325000,0.497692,0.032522,-0.960573,-0.019820,0.094075,0.001945
760,6.333333,0.502312,0.051392,-0.965728,-0.019888,0.094058,0.001927
761,6.341667,0.498056,0.053690,-0.967239,-0.019865,0.094055,0.001927
762,6.350000,0.499025,0.037391,-0.976950,-0.019842,0.094053,0.001931
763,6.358333,0.499821,0.049210,-0.965802,-0.019866,0.094049,0.001932
764,6.366667,0.497063,0.033951,-0.948211,-0.019804,0.094067,0.001946
765,6.375000,0.493328,0.042269,-0.973329,-0.019857,0.094046,0.001941
766,6.383333,0.501286,0.020197,-0.958687,-0.019785,0.094062,0.001962
767,6.391667,0.497263,0.035168,-0.975208,-0.019810,0.094048,0.001958
768,6.400000,0.501943,0.031863,-0.955048,-0.019804,0.094058,0.001950
769,6.408333,0.501570,0.042453,-0.979416,-0.019850,0.094066,0.001945
770,6.416667,0.498335,0.022507,-0.955221,-0.019807,0.094072,0.001938
771,6.425000,0.500199,0.046768,-0.969694,-0.019873,0.094069,0.001922
772,6.433333,0.501478,0.036988,-0.977529,-0.019856,0.094066,0.001939
773,6.441667,0.499288,0.037203,-0.970313,-0.019871,0.094046,0.001939
774,6.450000,0.497889,0.022517,-0.961749,-0.019794,0.094065,0.001958
775,6.458333,0.496781,0.044543,-0.964307,-0.019868,0.094063,0.001935
776,6.466667,0.497503,0.025477,-0.954827,-0.019813,0.094065,0.001963
777,6.475000,0.496032,0.037734,-0.972755,-0.019861,0.094055,0.001938
778,6.483333,0.503606,0.024953,-0.946366,-0.019775,0.094069,0.001951
779,6.491667,0.501275,0.041291,-0.972981,-0.019856,0.094063,0.001955
780,6.500000,0.500135,0.027213,-0.964386,-0.019816,0.094068,0.001960
781,6.508333,0.494245,0.045451,-0.975065,-0.019868,0.094047,0.001940
782,6.516667,0.501614,0.039826,-0.981418,-0.019852,0.094056,0.001961
783,6.525000,0.498111,0.018059,-0.957022,-0.019801,0.094064,0.001958
784,6.533333,0.491874,0.035141,-0.980949,-0.019852,0.094048,0.001961
785,6.541667,0.495726,0.034860,-0.978277,-0.019828,0.094050,0.001958
786,6.550000,0.490792,0.026276,-0.962845,-0.019813,0.094062,0.001954
787,6.558333,0.495848,0.024204,-0.949408,-0.019822,0.094055,0.001965
788,6.566667,0.492601,0.023207,-0.949603,-0.019806,0.094061,0.001964
789,6.575000,0.488674,0.019275,-0.956892,-0.019807,0.094057,0.001949
790,6.583333,0.498855,0.039007,-0.973019,-0.019867,0.094056,0.001935
791,6.591667,0.500512,0.016746,-0.955909,-0.019815,0.094073,0.001959
792,6.600000,0.493962,0.040023,-0.983310,-0.019838,0.094053,0.001954
793,6.608333,0.500347,0.018202,-0.962583,-0.019811,0.094066,0.001969
794,6.616667,0.497452,0.049479,-0.959945,-0.019874,0.094060,0.001953
795,6.625000,0.495940,0.044934,-0.974684,-0.019853,0.094057,0.001960
796,6.633333,0.495725,0.037452,-0.972500,-0.019855,0.094054,0.001944
797,6.641667,0.502512,0.025800,-0.963660,-0.019814,0.094072,0.001956
798,6.650000,0.497228,0.046116,-0.982887,-0.019870,0.094071,0.001937
799,6.658333,0.501699,0.030026,-0.957499,-0.019814,0.094083,0.001941
800,6.666667,0.498887,0.042812,-0.985084,-0.019850,0.094058,0.001937
