Format Version,1,,,,,,,
Take Name,ms010mpt001,,,,,,,
Capture Frame Rate,120,,,,,,,
Export Frame Rate,120,,,,,,,
Capture Start Time,24 Mar 2022 15:18:34 +0100,,,,,,,
Total Frames In Take,801,,,,,,,
Total Exported Frames,801,,,,,,,
Coordinate Space,Local,,,,,,,
Device Name,NIDAQ USB-6210 31683603,,,,,,,
Device Type,1,,,,,,,
Device Channel Count,6,,,,,,,
Mocap Rate,120,,,,,,,
Mocap Rate Multiple,1,,,,,,,
,,,,,,,,
MocapFrame, MocapTime, DeviceFrame,Dev2/ai0,Dev2/ai1,Dev2/ai2,Dev2/ai3,Dev2/ai4,Dev2/ai5
0,0,0,-0.673244,0.100024,-0.066076,-0.108176,0.191132,-0.198627
1,0.008333,1,-0.673573,0.099695,-0.066405,-0.108505,0.190803,-0.198956
2,0.016667,2,-0.673902,0.100682,-0.066405,-0.109492,0.191461,-0.199284
3,0.025,3,-0.674231,0.099695,-0.066076,-0.109163,0.191461,-0.199613
4,0.033333,4,-0.673573,0.100024,-0.066405,-0.109163,0.191461,-0.199613
5,0.041667,5,-0.673573,0.098379,-0.066734,-0.109163,0.190803,-0.199284
6,0.05,6,-0.673573,0.100682,-0.066405,-0.109163,0.191132,-0.199284
7,0.058333,7,-0.673244,0.100682,-0.066405,-0.109163,0.191461,-0.199284
8,0.066667,8,-0.673902,0.100024,-0.066405,-0.109492,0.191132,-0.199284
9,0.075,9,-0.673244,0.100024,-0.066076,-0.108505,0.190803,-0.198956
10,0.083333,10,-0.672915,0.100024,-0.067391,-0.108834,0.190803,-0.198956
11,0.091667,11,-0.673244,0.100024,-0.066076,-0.108505,0.191461,-0.198956
12,0.1,12,-0.673573,0.099037,-0.066405,-0.108834,0.191132,-0.198956
13,0.108333,13,-0.673573,0.098051,-0.066734,-0.108834,0.190803,-0.199613
14,0.116667,14,-0.673902,0.098708,-0.066734,-0.109492,0.190803,-0.199284
15,0.125,15,-0.673573,0.098051,-0.066734,-0.109492,0.191132,-0.199284
16,0.133333,16,-0.674231,0.098051,-0.066405,-0.109163,0.191461,-0.199284
17,0.141667,17,-0.673902,0.099695,-0.066734,-0.109821,0.191461,-0.199284
18,0.15,18,-0.672915,0.100353,-0.066405,-0.108834,0.191461,-0.199284
19,0.158333,19,-0.673244,0.100353,-0.066405,-0.109163,0.191132,-0.198956
20,0.166667,20,-0.673573,0.099366,-0.066405,-0.108834,0.191132,-0.198956
21,0.175,21,-0.673573,0.100353,-0.066405,-0.109492,0.191132,-0.198956
22,0.183333,22,-0.673573,0.099037,-0.066734,-0.109163,0.19179,-0.198956
23,0.191667,23,-0.672587,0.098379,-0.066734,-0.108834,0.190803,-0.199942
24,0.2,24,-0.672915,0.098051,-0.066734,-0.109163,0.190803,-0.199284
25,0.208333,25,-0.673573,0.097064,-0.066734,-0.109821,0.191132,-0.199284
26,0.216667,26,-0.673244,0.098379,-0.066076,-0.108834,0.191461,-0.198627
27,0.225,27,-0.673573,0.097064,-0.066405,-0.109492,0.191132,-0.198956
28,0.233333,28,-0.673573,0.097722,-0.066734,-0.109163,0.191132,-0.199284
29,0.241667,29,-0.673244,0.097722,-0.066076,-0.108834,0.191461,-0.199284
30,0.25,30,-0.673573,0.098051,-0.066734,-0.109492,0.191132,-0.198956
31,0.258333,31,-0.673573,0.098379,-0.066734,-0.109821,0.191132,-0.198956
32,0.266667,32,-0.673573,0.098379,-0.066405,-0.109163,0.191132,-0.198627
33,0.275,33,-0.672915,0.098708,-0.066734,-0.108834,0.191132,-0.199284
34,0.283333,34,-0.673244,0.098051,-0.067391,-0.109163,0.190803,-0.198956
35,0.291667,35,-0.673902,0.099366,-0.066734,-0.109163,0.191461,-0.199284
36,0.3,36,-0.673573,0.099037,-0.066405,-0.109163,0.191132,-0.198956
37,0.308333,37,-0.673573,0.099037,-0.066734,-0.109821,0.191132,-0.199284
38,0.316667,38,-0.673573,0.099366,-0.067062,-0.109163,0.190474,-0.198956
39,0.325,39,-0.673573,0.098051,-0.066405,-0.109163,0.191461,-0.199284
40,0.333333,40,-0.673573,0.098051,-0.066405,-0.109492,0.191461,-0.199284
41,0.341667,41,-0.673902,0.097393,-0.066734,-0.109163,0.191461,-0.199284
42,0.35,42,-0.672915,0.098051,-0.067062,-0.108834,0.190803,-0.199613
43,0.358333,43,-0.673244,0.099037,-0.066734,-0.109492,0.191461,-0.199284
44,0.366667,44,-0.673573,0.099037,-0.066405,-0.109492,0.191132,-0.198956
45,0.375,45,-0.673902,0.099695,-0.066734,-0.109163,0.191132,-0.199284
46,0.383333,46,-0.673573,0.099037,-0.067062,-0.108834,0.191132,-0.199284
47,0.391667,47,-0.673573,0.098708,-0.066734,-0.108176,0.191132,-0.199284
48,0.4,48,-0.673573,0.098708,-0.066734,-0.108834,0.191461,-0.199284
49,0.408333,49,-0.673573,0.097722,-0.067062,-0.109163,0.191132,-0.198956
50,0.416667,50,-0.673244,0.097722,-0.066734,-0.109163,0.191132,-0.198956
51,0.425,51,-0.673573,0.097722,-0.067062,-0.109821,0.190803,-0.199613
52,0.433333,52,-0.672915,0.097722,-0.066734,-0.109821,0.190803,-0.199284
53,0.441667,53,-0.673902,0.098379,-0.066734,-0.109163,0.191132,-0.199284
54,0.45,54,-0.67456,0.098379,-0.067062,-0.109163,0.191132,-0.199284
55,0.458333,55,-0.673902,0.100024,-0.067062,-0.109163,0.191132,-0.199613
56,0.466667,56,-0.673573,0.098379,-0.067062,-0.109492,0.191461,-0.198956
57,0.475,57,-0.673902,0.098708,-0.067391,-0.109163,0.191132,-0.198956
58,0.483333,58,-0.673902,0.097393,-0.067062,-0.109492,0.191132,-0.199284
59,0.491667,59,-0.673902,0.099037,-0.066734,-0.108834,0.191132,-0.198956
60,0.5,60,-0.673573,0.097722,-0.067391,-0.108834,0.190803,-0.198956
61,0.508333,61,-0.673573,0.097722,-0.067062,-0.11015,0.191132,-0.199613
62,0.516667,62,-0.672915,0.098708,-0.067062,-0.109821,0.191132,-0.199613
63,0.525,63,-0.673244,0.097722,-0.067062,-0.109821,0.190803,-0.199284
64,0.533333,64,-0.673573,0.100024,-0.066076,-0.109163,0.191461,-0.199942
65,0.541667,65,-0.673902,0.099366,-0.067062,-0.108505,0.191461,-0.199613
66,0.55,66,-0.673573,0.100024,-0.067391,-0.109492,0.191461,-0.198956
67,0.558333,67,-0.673244,0.100353,-0.067062,-0.109163,0.191132,-0.199284
68,0.566667,68,-0.672915,0.100353,-0.067062,-0.108834,0.191132,-0.199284
69,0.575,69,-0.673902,0.100024,-0.066734,-0.108834,0.191132,-0.198627
70,0.583333,70,-0.673573,0.098708,-0.067062,-0.108834,0.191461,-0.199284
71,0.591667,71,-0.673573,0.099695,-0.067062,-0.109163,0.191461,-0.199284
72,0.6,72,-0.673573,0.099366,-0.067062,-0.109163,0.191132,-0.199613
73,0.608333,73,-0.673244,0.098379,-0.066405,-0.109163,0.191132,-0.199284
74,0.616667,74,-0.673902,0.099037,-0.067062,-0.109492,0.191132,-0.199613
75,0.625,75,-0.673573,0.099695,-0.066405,-0.109163,0.191132,-0.199613
76,0.633333,76,-0.673573,0.100353,-0.066734,-0.109492,0.191132,-0.198956
77,0.641667,77,-0.673573,0.100682,-0.066734,-0.108834,0.191461,-0.198956
78,0.65,78,-0.673244,0.100024,-0.066734,-0.108505,0.191132,-0.198956
79,0.658333,79,-0.673902,0.099366,-0.066734,-0.108505,0.191461,-0.198298
80,0.666667,80,-0.672915,0.099366,-0.066734,-0.108505,0.191132,-0.199284
81,0.675,81,-0.672587,0.100353,-0.067062,-0.108834,0.19179,-0.198956
82,0.683333,82,-0.673573,0.100024,-0.066734,-0.108834,0.191461,-0.199613
83,0.691667,83,-0.674231,0.099366,-0.066405,-0.109492,0.191461,-0.199942
84,0.7,84,-0.674231,0.099037,-0.067062,-0.109821,0.19179,-0.199284
85,0.708333,85,-0.672915,0.099037,-0.067062,-0.109492,0.191132,-0.199942
86,0.716667,86,-0.672258,0.099366,-0.067062,-0.108834,0.191461,-0.199284
87,0.725,87,-0.672915,0.098379,-0.066734,-0.109492,0.191461,-0.199284
88,0.733333,88,-0.67456,0.098379,-0.066734,-0.109163,0.191132,-0.198627
89,0.741667,89,-0.673573,0.099037,-0.067062,-0.109163,0.191132,-0.198956
90,0.75,90,-0.673244,0.098379,-0.067062,-0.109163,0.191132,-0.199284
91,0.758333,91,-0.672915,0.098708,-0.066405,-0.109163,0.191132,-0.199284
92,0.766667,92,-0.674231,0.099037,-0.066405,-0.109163,0.19179,-0.199284
93,0.775,93,-0.673902,0.098051,-0.066405,-0.109163,0.19179,-0.198956
94,0.783333,94,-0.673244,0.097722,-0.067391,-0.109163,0.191132,-0.199284
95,0.791667,95,-0.673244,0.098379,-0.067062,-0.109492,0.190474,-0.199613
96,0.8,96,-0.673573,0.098379,-0.066734,-0.109492,0.191461,-0.199284
97,0.808333,97,-0.674231,0.097393,-0.066734,-0.108505,0.191461,-0.199284
98,0.816667,98,-0.673902,0.098051,-0.067391,-0.109492,0.190803,-0.199284
99,0.825,99,-0.673244,0.097722,-0.067062,-0.108834,0.19179,-0.198956
100,0.833333,100,-0.673573,0.098051,-0.066734,-0.109163,0.191461,-0.199284
101,0.841667,101,-0.673902,0.097722,-0.066734,-0.108834,0.191461,-0.198956
102,0.85,102,-0.674231,0.097722,-0.067062,-0.109492,0.191461,-0.199284
103,0.858333,103,-0.673573,0.097722,-0.067062,-0.109163,0.191461,-0.199613
104,0.866667,104,-0.673244,0.098708,-0.067062,-0.109163,0.191132,-0.199613
105,0.875,105,-0.673244,0.098708,-0.067391,-0.109492,0.191132,-0.199284
106,0.883333,106,-0.673573,0.098708,-0.067062,-0.109163,0.19179,-0.199284
107,0.891667,107,-0.673573,0.099366,-0.067062,-0.109163,0.191461,-0.199284
108,0.9,108,-0.673902,0.099037,-0.067062,-0.109163,0.191461,-0.199284
109,0.908333,109,-0.673573,0.098051,-0.066734,-0.109163,0.190803,-0.198956
110,0.916667,110,-0.673244,0.099695,-0.066734,-0.109492,0.191132,-0.199284
111,0.925,111,-0.673244,0.099037,-0.066734,-0.108834,0.191461,-0.198627
112,0.933333,112,-0.674231,0.098379,-0.067062,-0.109163,0.191132,-0.198956
113,0.941667,113,-0.673244,0.098379,-0.066405,-0.108834,0.191461,-0.198627
114,0.95,114,-0.673573,0.098708,-0.066734,-0.109163,0.191132,-0.198956
115,0.958333,115,-0.673244,0.101011,-0.067391,-0.109492,0.191132,-0.199284
116,0.966667,116,-0.673902,0.099695,-0.067062,-0.108834,0.19179,-0.199284
117,0.975,117,-0.673902,0.099037,-0.067062,-0.109492,0.191132,-0.199284
118,0.983333,118,-0.673902,0.098708,-0.066734,-0.109163,0.191461,-0.199284
119,0.991667,119,-0.674231,0.098708,-0.067391,-0.109492,0.191461,-0.199284
120,1,120,-0.673902,0.098708,-0.067062,-0.109163,0.191461,-0.199613
121,1.008333,121,-0.672915,0.097064,-0.067062,-0.109492,0.191461,-0.199284
122,1.016667,122,-0.673573,0.098708,-0.067062,-0.108834,0.191461,-0.198956
123,1.025,123,-0.673902,0.099366,-0.067062,-0.109163,0.19179,-0.199284
124,1.033333,124,-0.673902,0.099695,-0.066734,-0.109492,0.191132,-0.199284
125,1.041667,125,-0.672915,0.100024,-0.067391,-0.108834,0.190474,-0.199284
126,1.05,126,-0.673244,0.100353,-0.066734,-0.108834,0.19179,-0.199284
127,1.058333,127,-0.674231,0.100024,-0.066405,-0.109163,0.191461,-0.199284
128,1.066667,128,-0.674231,0.099037,-0.067062,-0.109821,0.191461,-0.199284
129,1.075,129,-0.673244,0.099695,-0.066734,-0.108834,0.191461,-0.199942
130,1.083333,130,-0.673244,0.098708,-0.067062,-0.108505,0.19179,-0.199284
131,1.091667,131,-0.67456,0.098379,-0.066076,-0.109492,0.191461,-0.199284
132,1.1,132,-0.674231,0.098379,-0.066405,-0.109492,0.191461,-0.199284
133,1.108333,133,-0.672587,0.097393,-0.067062,-0.109163,0.191132,-0.199942
134,1.116667,134,-0.672587,0.098051,-0.06772,-0.109163,0.190474,-0.199613
135,1.125,135,-0.673902,0.098379,-0.066405,-0.109163,0.191461,-0.199284
136,1.133333,136,-0.675218,0.097393,-0.066405,-0.109492,0.191461,-0.199284
137,1.141667,137,-0.674231,0.098708,-0.067062,-0.108834,0.19179,-0.198956
138,1.15,138,-0.672915,0.098379,-0.06772,-0.108505,0.190803,-0.199284
139,1.158333,139,-0.672915,0.100353,-0.066734,-0.108834,0.191132,-0.199284
140,1.166667,140,-0.674231,0.100682,-0.066076,-0.109492,0.19179,-0.198956
141,1.175,141,-0.675218,0.101011,-0.066076,-0.109821,0.19179,-0.199284
142,1.183333,142,-0.673244,0.098051,-0.067062,-0.109821,0.191461,-0.199284
143,1.191667,143,-0.672587,0.097722,-0.06772,-0.109492,0.190803,-0.199284
144,1.2,144,-0.673244,0.099366,-0.066734,-0.109163,0.190803,-0.199284
145,1.208333,145,-0.673902,0.099037,-0.066734,-0.109163,0.191461,-0.198956
146,1.216667,146,-0.673573,0.100024,-0.066734,-0.109163,0.191132,-0.198956
147,1.225,147,-0.673902,0.099695,-0.066734,-0.108834,0.191132,-0.199284
148,1.233333,148,-0.672915,0.099037,-0.067062,-0.109492,0.190803,-0.199613
149,1.241667,149,-0.673244,0.100024,-0.066405,-0.109163,0.191461,-0.199942
150,1.25,150,-0.673902,0.098051,-0.066405,-0.109163,0.19179,-0.199284
151,1.258333,151,-0.673573,0.098379,-0.066734,-0.108834,0.19179,-0.199284
152,1.266667,152,-0.673573,0.098708,-0.067391,-0.109821,0.190803,-0.199284
153,1.275,153,-0.673244,0.099366,-0.066405,-0.109492,0.191461,-0.199284
154,1.283333,154,-0.672915,0.099695,-0.066734,-0.109163,0.191132,-0.198956
155,1.291667,155,-0.673902,0.098051,-0.066734,-0.109492,0.191461,-0.198627
156,1.3,156,-0.673902,0.098051,-0.067062,-0.108176,0.191461,-0.198627
157,1.308333,157,-0.674231,0.098051,-0.066734,-0.108505,0.191461,-0.198627
158,1.316667,158,-0.673573,0.099037,-0.067062,-0.109163,0.191132,-0.198956
159,1.325,159,-0.673573,0.099037,-0.066734,-0.109163,0.191132,-0.198956
160,1.333333,160,-0.673244,0.098379,-0.067062,-0.109492,0.191132,-0.199284
161,1.341667,161,-0.673902,0.098708,-0.066734,-0.109163,0.19179,-0.199613
162,1.35,162,-0.673902,0.098051,-0.066405,-0.109492,0.191461,-0.199284
163,1.358333,163,-0.673573,0.098708,-0.067062,-0.109163,0.191132,-0.199284
164,1.366667,164,-0.673244,0.099037,-0.066734,-0.108505,0.191132,-0.199284
165,1.375,165,-0.673902,0.099037,-0.066734,-0.108834,0.191132,-0.199284
166,1.383333,166,-0.673902,0.098379,-0.066405,-0.109163,0.191132,-0.199284
167,1.391667,167,-0.673573,0.098051,-0.066405,-0.109492,0.191461,-0.198956
168,1.4,168,-0.672915,0.097722,-0.067062,-0.108834,0.191132,-0.198956
169,1.408333,169,-0.673573,0.097393,-0.067062,-0.109163,0.191132,-0.199284
170,1.416667,170,-0.673902,0.097393,-0.066405,-0.109163,0.190803,-0.199284
171,1.425,171,-0.674231,0.098051,-0.066734,-0.11015,0.191461,-0.198956
172,1.433333,172,-0.672915,0.097722,-0.066734,-0.109492,0.190803,-0.198956
173,1.441667,173,-0.672587,0.098708,-0.068049,-0.108834,0.190474,-0.199942
174,1.45,174,-0.673244,0.098708,-0.066405,-0.108505,0.19179,-0.199284
175,1.458333,175,-0.674889,0.098708,-0.066076,-0.108834,0.191461,-0.198956
176,1.466667,176,-0.673902,0.099366,-0.066405,-0.108834,0.191461,-0.199284
177,1.475,177,-0.672915,0.097393,-0.066734,-0.109163,0.191132,-0.198956
178,1.483333,178,-0.672915,0.098379,-0.067062,-0.109163,0.191132,-0.199284
179,1.491667,179,-0.67456,0.098051,-0.066405,-0.109492,0.191132,-0.198956
180,1.5,180,-0.674889,0.098051,-0.066734,-0.109821,0.191461,-0.198956
181,1.508333,181,-0.673573,0.097722,-0.067062,-0.109163,0.191461,-0.198956
182,1.516667,182,-0.672587,0.098379,-0.066405,-0.109821,0.191132,-0.199613
183,1.525,183,-0.672587,0.098708,-0.067391,-0.109492,0.190145,-0.199284
184,1.533333,184,-0.673902,0.099366,-0.066405,-0.109163,0.191461,-0.199284
185,1.541667,185,-0.673902,0.099366,-0.067062,-0.109163,0.191461,-0.198956
186,1.55,186,-0.673902,0.099037,-0.067062,-0.109492,0.191132,-0.199284
187,1.558333,187,-0.672915,0.098708,-0.066734,-0.108834,0.191132,-0.198627
188,1.566667,188,-0.672915,0.099366,-0.067062,-0.109492,0.191132,-0.199284
189,1.575,189,-0.673573,0.099037,-0.066734,-0.109163,0.191132,-0.198627
190,1.583333,190,-0.674231,0.098708,-0.066734,-0.109492,0.191461,-0.199613
191,1.591667,191,-0.673902,0.099037,-0.067062,-0.109492,0.191461,-0.199284
192,1.6,192,-0.672915,0.098708,-0.067391,-0.109492,0.191461,-0.198956
193,1.608333,193,-0.672587,0.098379,-0.066734,-0.108834,0.191132,-0.199284
194,1.616667,194,-0.674231,0.097393,-0.066076,-0.109163,0.191461,-0.199942
195,1.625,195,-0.673902,0.097393,-0.066734,-0.109821,0.19179,-0.198627
196,1.633333,196,-0.673573,0.100682,-0.067391,-0.109163,0.191132,-0.198956
197,1.641667,197,-0.672915,0.098708,-0.067391,-0.109492,0.190474,-0.199284
198,1.65,198,-0.672587,0.098379,-0.066734,-0.108834,0.190803,-0.198956
199,1.658333,199,-0.673573,0.097722,-0.067062,-0.109163,0.190803,-0.198956
200,1.666667,200,-0.673902,0.099037,-0.066734,-0.108834,0.191132,-0.199284
201,1.675,201,-0.673573,0.098051,-0.066405,-0.109163,0.191132,-0.199613
202,1.683333,202,-0.673573,0.098708,-0.066734,-0.109163,0.191132,-0.199284
203,1.691667,203,-0.673573,0.100024,-0.066734,-0.109163,0.191461,-0.199613
204,1.7,204,-0.673573,0.099366,-0.066734,-0.109492,0.191461,-0.198956
205,1.708333,205,-0.673573,0.100353,-0.066076,-0.108834,0.19179,-0.198956
206,1.716667,206,-0.674231,0.100024,-0.066076,-0.108834,0.191132,-0.198956
207,1.725,207,-0.673244,0.100024,-0.067391,-0.109492,0.191461,-0.198956
208,1.733333,208,-0.672915,0.099037,-0.067391,-0.108505,0.191132,-0.198956
209,1.741667,209,-0.673573,0.099695,-0.066734,-0.108505,0.19179,-0.198956
210,1.75,210,-0.674231,0.098708,-0.066734,-0.109163,0.191132,-0.199284
211,1.758333,211,-0.673244,0.098708,-0.066734,-0.109492,0.191132,-0.199284
212,1.766667,212,-0.672915,0.099366,-0.067062,-0.109163,0.190803,-0.199284
213,1.775,213,-0.673902,0.099695,-0.066734,-0.109492,0.191132,-0.198627
214,1.783333,214,-0.674231,0.099695,-0.066405,-0.109163,0.191461,-0.198956
215,1.791667,215,-0.673902,0.100353,-0.066405,-0.109492,0.191461,-0.198956
216,1.8,216,-0.672587,0.100024,-0.066734,-0.108834,0.191461,-0.199284
217,1.808333,217,-0.673573,0.097722,-0.06772,-0.109163,0.190474,-0.199284
218,1.816667,218,-0.673902,0.098379,-0.066734,-0.109163,0.190803,-0.199284
219,1.825,219,-0.673573,0.096735,-0.066405,-0.109163,0.191461,-0.199284
220,1.833333,220,-0.674231,0.098051,-0.066405,-0.109163,0.191461,-0.199284
221,1.841667,221,-0.673244,0.099037,-0.067062,-0.109492,0.190803,-0.199284
222,1.85,222,-0.673244,0.099366,-0.066405,-0.109163,0.190474,-0.199284
223,1.858333,223,-0.673573,0.101011,-0.066734,-0.109163,0.191132,-0.199284
224,1.866667,224,-0.673902,0.100024,-0.067062,-0.109163,0.191132,-0.199284
225,1.875,225,-0.673902,0.100353,-0.066734,-0.109163,0.191132,-0.198956
226,1.883333,226,-0.673244,0.099695,-0.066734,-0.109163,0.190803,-0.198956
227,1.891667,227,-0.673244,0.098708,-0.066734,-0.109492,0.190474,-0.199284
228,1.9,228,-0.673244,0.099366,-0.065747,-0.109163,0.191461,-0.199613
229,1.908333,229,-0.673902,0.099695,-0.065747,-0.109163,0.192119,-0.198627
230,1.916667,230,-0.674231,0.099366,-0.066405,-0.109163,0.191461,-0.198956
231,1.925,231,-0.673244,0.099366,-0.066405,-0.108834,0.190803,-0.198956
232,1.933333,232,-0.672587,0.099695,-0.067062,-0.108834,0.191132,-0.199284
233,1.941667,233,-0.673573,0.099366,-0.066405,-0.108505,0.19179,-0.198627
234,1.95,234,-0.674889,0.099695,-0.066076,-0.109163,0.19179,-0.198956
235,1.958333,235,-0.674889,0.098379,-0.066734,-0.109821,0.190474,-0.199284
236,1.966667,236,-0.672587,0.099037,-0.066076,-0.109492,0.191461,-0.198956
237,1.975,237,-0.672915,0.099695,-0.067062,-0.108834,0.190474,-0.199613
238,1.983333,238,-0.673573,0.098379,-0.066734,-0.108834,0.190474,-0.199284
239,1.991667,239,-0.674231,0.098051,-0.066076,-0.109821,0.191132,-0.198956
240,2,240,-0.674231,0.097722,-0.066734,-0.109492,0.191132,-0.199284
241,2.008333,241,-0.673573,0.097393,-0.066405,-0.109163,0.190803,-0.199613
242,2.016667,242,-0.673244,0.098379,-0.066734,-0.109163,0.191132,-0.198956
243,2.025,243,-0.673573,0.097393,-0.066076,-0.108834,0.191461,-0.198956
244,2.033333,244,-0.67456,0.098379,-0.066405,-0.109492,0.191461,-0.199284
245,2.041667,245,-0.673902,0.099037,-0.066405,-0.108176,0.191461,-0.199284
246,2.05,246,-0.673244,0.099366,-0.067062,-0.109163,0.190474,-0.199613
247,2.058333,247,-0.673573,0.100024,-0.066405,-0.108834,0.19179,-0.199284
248,2.066667,248,-0.673902,0.099366,-0.066405,-0.109163,0.191461,-0.199284
249,2.075,249,-0.673244,0.100682,-0.066405,-0.109163,0.191461,-0.198956
250,2.083333,250,-0.673902,0.099037,-0.067062,-0.109492,0.190803,-0.199284
251,2.091667,251,-0.672915,0.099366,-0.066734,-0.109163,0.190803,-0.199942
252,2.1,252,-0.674231,0.100024,-0.066405,-0.109492,0.191132,-0.198956
253,2.108333,253,-0.67456,0.098379,-0.066076,-0.109163,0.191461,-0.198956
254,2.116667,254,-0.673902,0.098379,-0.066405,-0.109163,0.19179,-0.198627
255,2.125,255,-0.673244,0.097393,-0.066734,-0.108834,0.190803,-0.199284
256,2.133333,256,-0.673244,0.098051,-0.066405,-0.108505,0.191132,-0.198956
257,2.141667,257,-0.674231,0.097393,-0.066076,-0.109163,0.190803,-0.198956
258,2.15,258,-0.674231,0.097722,-0.066734,-0.108505,0.19179,-0.198627
259,2.158333,259,-0.672915,0.099366,-0.066405,-0.109163,0.191461,-0.199284
260,2.166667,260,-0.672915,0.098051,-0.066734,-0.109163,0.191132,-0.198956
261,2.175,261,-0.672915,0.099366,-0.066405,-0.109821,0.190803,-0.199613
262,2.183333,262,-0.673573,0.099037,-0.067062,-0.11015,0.191132,-0.199284
263,2.191667,263,-0.673902,0.099366,-0.067062,-0.109163,0.191461,-0.199284
264,2.2,264,-0.673573,0.099695,-0.066405,-0.109492,0.190474,-0.198956
265,2.208333,265,-0.673902,0.100024,-0.066734,-0.108505,0.191461,-0.199284
266,2.216667,266,-0.673902,0.101669,-0.066405,-0.108834,0.191461,-0.198956
267,2.225,267,-0.673573,0.100024,-0.066076,-0.108505,0.191132,-0.198956
268,2.233333,268,-0.673902,0.100353,-0.066734,-0.109492,0.191132,-0.199613
269,2.241667,269,-0.673902,0.099366,-0.066405,-0.109821,0.190803,-0.199613
270,2.25,270,-0.673573,0.098708,-0.067062,-0.109492,0.191132,-0.199284
271,2.258333,271,-0.673573,0.098708,-0.066734,-0.109821,0.190803,-0.199613
272,2.266667,272,-0.673244,0.098708,-0.066734,-0.109163,0.191132,-0.199284
273,2.275,273,-0.673573,0.099695,-0.066405,-0.109492,0.191132,-0.198956
274,2.283333,274,-0.673573,0.100024,-0.066405,-0.109163,0.191461,-0.198627
275,2.291667,275,-0.673573,0.099695,-0.066734,-0.109163,0.191132,-0.198956
276,2.3,276,-0.673573,0.099366,-0.066405,-0.109492,0.191132,-0.198956
277,2.308333,277,-0.673902,0.098708,-0.066734,-0.108834,0.191132,-0.199284
278,2.316667,278,-0.673573,0.098051,-0.066734,-0.109163,0.191461,-0.199613
279,2.325,279,-0.673573,0.097393,-0.066405,-0.109492,0.190803,-0.199613
280,2.333333,280,-0.673573,0.097064,-0.066076,-0.108834,0.190803,-0.199942
281,2.341667,281,-0.673902,0.099695,-0.066734,-0.109163,0.19179,-0.199284
282,2.35,282,-0.673902,0.099366,-0.066076,-0.109163,0.191461,-0.199284
283,2.358333,283,-0.673244,0.100353,-0.066405,-0.109163,0.191132,-0.199613
284,2.366667,284,-0.673573,0.100682,-0.066076,-0.108505,0.191132,-0.199284
285,2.375,285,-0.672915,0.100682,-0.066734,-0.108505,0.191461,-0.198956
286,2.383333,286,-0.673573,0.100353,-0.066405,-0.109163,0.190803,-0.198956
287,2.391667,287,-0.673902,0.100353,-0.066405,-0.108834,0.191132,-0.198956
288,2.4,288,-0.673244,0.098708,-0.066734,-0.109492,0.190803,-0.199284
289,2.408333,289,-0.673902,0.096735,-0.066734,-0.109492,0.191132,-0.199284
290,2.416667,290,-0.672915,0.098708,-0.066734,-0.108834,0.191132,-0.199613
291,2.425,291,-0.673573,0.097722,-0.066076,-0.109492,0.191132,-0.199284
292,2.433333,292,-0.674231,0.098379,-0.066405,-0.109163,0.191461,-0.199613
293,2.441667,293,-0.673902,0.100024,-0.066405,-0.109163,0.191461,-0.198956
294,2.45,294,-0.673902,0.098708,-0.066405,-0.108834,0.191461,-0.199284
295,2.458333,295,-0.673244,0.098379,-0.066734,-0.109492,0.191461,-0.199613
296,2.466667,296,-0.673573,0.097393,-0.066405,-0.109492,0.191132,-0.199284
297,2.475,297,-0.673573,0.098051,-0.067062,-0.109163,0.190803,-0.199284
298,2.483333,298,-0.673902,0.098379,-0.066734,-0.109492,0.191132,-0.199284
299,2.491667,299,-0.673902,0.098051,-0.066405,-0.109163,0.190803,-0.199284
300,2.5,300,-0.674231,0.097722,-0.066734,-0.109163,0.191132,-0.199284
301,2.508333,301,-0.673244,0.098708,-0.066734,-0.108505,0.191132,-0.199284
302,2.516667,302,-0.672915,0.098708,-0.066405,-0.109163,0.190803,-0.198956
303,2.525,303,-0.673573,0.097064,-0.066405,-0.108834,0.190803,-0.198956
304,2.533333,304,-0.674231,0.098051,-0.066405,-0.109163,0.191132,-0.198956
305,2.541667,305,-0.673902,0.098708,-0.066734,-0.109163,0.191132,-0.198956
306,2.55,306,-0.673244,0.098708,-0.066405,-0.108834,0.190803,-0.199284
307,2.558333,307,-0.673902,0.099366,-0.066405,-0.108834,0.191132,-0.199613
308,2.566667,308,-0.673573,0.099366,-0.066734,-0.109492,0.191461,-0.198956
309,2.575,309,-0.67456,0.100353,-0.066405,-0.109492,0.19179,-0.199613
310,2.583333,310,-0.673902,0.100024,-0.066405,-0.109163,0.191132,-0.199613
311,2.591667,311,-0.672915,0.100024,-0.066734,-0.109492,0.191132,-0.199613
312,2.6,312,-0.673573,0.103642,-0.067062,-0.108505,0.190803,-0.199284
313,2.608333,313,-0.674231,0.099037,-0.066405,-0.109163,0.191132,-0.198627
314,2.616667,314,-0.673244,0.099695,-0.066734,-0.108834,0.191461,-0.199284
315,2.625,315,-0.673244,0.098379,-0.066734,-0.109492,0.191132,-0.198956
316,2.633333,316,-0.673244,0.097722,-0.067391,-0.108834,0.191132,-0.198956
317,2.641667,317,-0.673902,0.099695,-0.066734,-0.109163,0.190803,-0.199284
318,2.65,318,-0.673902,0.100024,-0.066405,-0.109492,0.19179,-0.199284
319,2.658333,319,-0.673902,0.100024,-0.066405,-0.109163,0.191461,-0.199942
320,2.666667,320,-0.673573,0.098708,-0.067062,-0.109163,0.190803,-0.199942
321,2.675,321,-0.673902,0.100024,-0.067062,-0.109492,0.191132,-0.199284
322,2.683333,322,-0.673902,0.099037,-0.066405,-0.109163,0.191132,-0.199284
323,2.691667,323,-0.674231,0.099366,-0.066405,-0.108834,0.191461,-0.198956
324,2.7,324,-0.673902,0.099037,-0.066734,-0.108834,0.191132,-0.199284
325,2.708333,325,-0.673244,0.098708,-0.067062,-0.109163,0.190803,-0.199284
326,2.716667,326,-0.672915,0.100024,-0.066734,-0.108834,0.191132,-0.199284
327,2.725,327,-0.673244,0.100353,-0.066734,-0.109163,0.191461,-0.198956
328,2.733333,328,-0.674231,0.101011,-0.066734,-0.109492,0.19179,-0.198956
329,2.741667,329,-0.673573,0.099695,-0.066734,-0.108834,0.190803,-0.198956
330,2.75,330,-0.672915,0.099695,-0.067062,-0.109492,0.191132,-0.199613
331,2.758333,331,-0.673244,0.100353,-0.066734,-0.108505,0.191132,-0.199284
332,2.766667,332,-0.673902,0.099037,-0.066076,-0.109492,0.191461,-0.198956
333,2.775,333,-0.67456,0.099695,-0.066405,-0.108834,0.191132,-0.198956
334,2.783333,334,-0.673902,0.098379,-0.066734,-0.109492,0.191132,-0.199284
335,2.791667,335,-0.672915,0.100024,-0.067062,-0.108834,0.191132,-0.199284
336,2.8,336,-0.672915,0.098051,-0.066405,-0.109492,0.190803,-0.199284
337,2.808333,337,-0.673902,0.098051,-0.066405,-0.109163,0.19179,-0.199284
338,2.816667,338,-0.674231,0.099366,-0.066734,-0.109492,0.191461,-0.199284
339,2.825,339,-0.672915,0.098708,-0.067062,-0.108834,0.191461,-0.199613
340,2.833333,340,-0.672587,0.100353,-0.067062,-0.109492,0.190803,-0.199284
341,2.841667,341,-0.673244,0.100682,-0.066734,-0.108834,0.191132,-0.199284
342,2.85,342,-0.673902,0.099695,-0.066076,-0.109492,0.191461,-0.198956
343,2.858333,343,-0.674231,0.099695,-0.066405,-0.108834,0.191461,-0.199284
344,2.866667,344,-0.672915,0.098708,-0.066734,-0.109163,0.190803,-0.199613
345,2.875,345,-0.672915,0.098379,-0.066734,-0.108834,0.191132,-0.198956
346,2.883333,346,-0.673902,0.099037,-0.066405,-0.109163,0.191461,-0.199284
347,2.891667,347,-0.674231,0.097722,-0.066076,-0.109492,0.191461,-0.198627
348,2.9,348,-0.673902,0.098379,-0.067391,-0.109492,0.190803,-0.198956
349,2.908333,349,-0.672587,0.097064,-0.067391,-0.108834,0.190474,-0.199613
350,2.916667,350,-0.673573,0.098708,-0.067062,-0.109163,0.191132,-0.199284
351,2.925,351,-0.67456,0.099695,-0.066076,-0.109492,0.191132,-0.199284
352,2.933333,352,-0.674231,0.099366,-0.066405,-0.109163,0.191132,-0.199613
353,2.941667,353,-0.672587,0.099695,-0.067391,-0.109163,0.191132,-0.199284
354,2.95,354,-0.672258,0.100024,-0.067391,-0.109492,0.190474,-0.199942
355,2.958333,355,-0.673902,0.100682,-0.066734,-0.109163,0.191132,-0.199284
356,2.966667,356,-0.675547,0.100024,-0.066734,-0.109492,0.192119,-0.198956
357,2.975,357,-0.673902,0.100682,-0.066405,-0.109163,0.19179,-0.199284
358,2.983333,358,-0.672915,0.100024,-0.067062,-0.109163,0.191461,-0.199284
359,2.991667,359,-0.672258,0.100353,-0.066405,-0.108505,0.191132,-0.198956
360,3,360,-0.673573,0.100353,-0.066734,-0.109163,0.191461,-0.198956
361,3.008333,361,-0.674231,0.099366,-0.066734,-0.109163,0.19179,-0.198956
362,3.016667,362,-0.674231,0.098379,-0.067062,-0.109492,0.191132,-0.199613
363,3.025,363,-0.673244,0.099037,-0.067391,-0.109492,0.190803,-0.199942
364,3.033333,364,-0.672915,0.099037,-0.066734,-0.109492,0.191132,-0.199284
365,3.041667,365,-0.672915,0.099037,-0.067391,-0.109492,0.191132,-0.198956
366,3.05,366,-0.673902,0.099037,-0.067062,-0.109492,0.191132,-0.199284
367,3.058333,367,-0.674231,0.098051,-0.066405,-0.109492,0.191461,-0.199284
368,3.066667,368,-0.67456,0.097722,-0.067391,-0.109163,0.190803,-0.199613
369,3.075,369,-0.672915,0.097064,-0.067391,-0.109492,0.191132,-0.199284
370,3.083333,370,-0.672915,0.098051,-0.067391,-0.108834,0.191461,-0.198956
371,3.091667,371,-0.673573,0.098051,-0.067062,-0.109492,0.191132,-0.199284
372,3.1,372,-0.673902,0.098379,-0.067062,-0.109492,0.191461,-0.198956
373,3.108333,373,-0.672915,0.098708,-0.067062,-0.109163,0.191132,-0.199942
374,3.116667,374,-0.672915,0.097393,-0.067391,-0.109163,0.190803,-0.199284
375,3.125,375,-0.673573,0.098051,-0.067391,-0.109163,0.191461,-0.199613
376,3.133333,376,-0.674231,0.098379,-0.066734,-0.109492,0.191461,-0.199284
377,3.141667,377,-0.673573,0.099037,-0.067062,-0.109492,0.191461,-0.199284
378,3.15,378,-0.672915,0.100024,-0.067062,-0.108834,0.191461,-0.199284
379,3.158333,379,-0.673244,0.100682,-0.067062,-0.109163,0.190803,-0.199284
380,3.166667,380,-0.672915,0.099366,-0.067062,-0.109163,0.191132,-0.199284
381,3.175,381,-0.673902,0.099037,-0.066734,-0.109821,0.191461,-0.199613
382,3.183333,382,-0.673902,0.099037,-0.066405,-0.109163,0.191461,-0.199284
383,3.191667,383,-0.672915,0.10134,-0.067062,-0.109163,0.191132,-0.199284
384,3.2,384,-0.672587,0.100353,-0.067062,-0.109492,0.190803,-0.199613
385,3.208333,385,-0.672915,0.100024,-0.067391,-0.109163,0.190803,-0.199613
386,3.216667,386,-0.674231,0.099695,-0.066405,-0.109492,0.190803,-0.199613
387,3.225,387,-0.67456,0.099037,-0.066405,-0.109163,0.191461,-0.198956
388,3.233333,388,-0.673244,0.099037,-0.067391,-0.109163,0.191461,-0.199284
389,3.241667,389,-0.672587,0.098379,-0.067062,-0.109821,0.190803,-0.199284
390,3.25,390,-0.672258,0.098051,-0.067062,-0.109492,0.190803,-0.199284
391,3.258333,391,-0.673244,0.098379,-0.066734,-0.109821,0.191461,-0.198956
392,3.266667,392,-0.673573,0.097722,-0.066405,-0.108834,0.191461,-0.198956
393,3.275,393,-0.673244,0.099695,-0.067391,-0.109163,0.191132,-0.199284
394,3.283333,394,-0.672587,0.098379,-0.066734,-0.109163,0.190474,-0.199284
395,3.291667,395,-0.673573,0.098379,-0.066734,-0.108834,0.19179,-0.198956
396,3.3,396,-0.673573,0.098708,-0.066405,-0.109163,0.19179,-0.198956
397,3.308333,397,-0.673573,0.097722,-0.067062,-0.108834,0.191132,-0.199284
398,3.316667,398,-0.673902,0.097722,-0.067391,-0.109492,0.191461,-0.199284
399,3.325,399,-0.672915,0.098708,-0.066734,-0.108834,0.191461,-0.199284
400,3.333333,400,-0.673244,0.098708,-0.066734,-0.108834,0.191132,-0.199613
401,3.341667,401,-0.673573,0.099037,-0.066734,-0.109492,0.19179,-0.198956
402,3.35,402,-0.673244,0.101011,-0.067062,-0.109163,0.190803,-0.199613
403,3.358333,403,-0.673244,0.100024,-0.066405,-0.109163,0.191132,-0.199284
404,3.366667,404,-0.673902,0.098708,-0.066734,-0.108834,0.191132,-0.198956
405,3.375,405,-0.673244,0.095748,-0.066405,-0.108505,0.19179,-0.198956
406,3.383333,406,-0.673244,0.097064,-0.067062,-0.109492,0.191461,-0.198956
407,3.391667,407,-0.673244,0.097722,-0.066734,-0.109163,0.191132,-0.198956
408,3.4,408,-0.673244,0.098051,-0.066734,-0.109163,0.190803,-0.199284
409,3.408333,409,-0.673244,0.097722,-0.067062,-0.109163,0.191132,-0.198956
410,3.416667,410,-0.673573,0.098379,-0.066734,-0.108834,0.191461,-0.199284
411,3.425,411,-0.673244,0.097064,-0.067062,-0.109492,0.191132,-0.199942
412,3.433333,412,-0.673573,0.098379,-0.067062,-0.109492,0.190145,-0.200271
413,3.441667,413,-0.672915,0.097722,-0.066405,-0.109163,0.191461,-0.199942
414,3.45,414,-0.673573,0.096735,-0.067062,-0.109492,0.191132,-0.198956
415,3.458333,415,-0.673244,0.098051,-0.066405,-0.108834,0.191461,-0.199284
416,3.466667,416,-0.673573,0.097393,-0.066734,-0.109163,0.191132,-0.199284
417,3.475,417,-0.673244,0.098708,-0.067062,-0.108834,0.190803,-0.199284
418,3.483333,418,-0.672587,0.097722,-0.066405,-0.109163,0.191132,-0.198627
419,3.491667,419,-0.672915,0.097722,-0.066405,-0.109492,0.190803,-0.198298
420,3.5,420,-0.672587,0.097393,-0.066734,-0.108834,0.190803,-0.199284
421,3.508333,421,-0.672915,0.097064,-0.066734,-0.109163,0.191132,-0.199284
422,3.516667,422,-0.673573,0.097722,-0.066734,-0.108834,0.190803,-0.199284
423,3.525,423,-0.673573,0.097064,-0.066734,-0.109492,0.19179,-0.199942
424,3.533333,424,-0.673244,0.097722,-0.066405,-0.109163,0.191461,-0.199284
425,3.541667,425,-0.673244,0.097722,-0.066734,-0.109821,0.191132,-0.199284
426,3.55,426,-0.673244,0.098051,-0.066734,-0.109163,0.191132,-0.199284
427,3.558333,427,-0.673244,0.099037,-0.067062,-0.109163,0.191132,-0.199284
428,3.566667,428,-0.673244,0.098051,-0.066734,-0.109163,0.191132,-0.198627
429,3.575,429,-0.673244,0.098708,-0.067391,-0.109163,0.190803,-0.198956
430,3.583333,430,-0.672915,0.097393,-0.066734,-0.109163,0.191461,-0.199284
431,3.591667,431,-0.672915,0.098051,-0.066734,-0.109163,0.190803,-0.198627
432,3.6,432,-0.673244,0.098379,-0.067062,-0.109492,0.191132,-0.199284
433,3.608333,433,-0.673244,0.097393,-0.067391,-0.109163,0.191461,-0.199613
434,3.616667,434,-0.673573,0.098051,-0.066076,-0.109163,0.191132,-0.198956
435,3.625,435,-0.674231,0.097722,-0.067062,-0.109492,0.190803,-0.199613
436,3.633333,436,-0.673244,0.098379,-0.066405,-0.109163,0.190803,-0.199284
437,3.641667,437,-0.672915,0.098379,-0.067062,-0.109163,0.190803,-0.198956
438,3.65,438,-0.672587,0.097722,-0.067062,-0.109492,0.190803,-0.199284
439,3.658333,439,-0.673902,0.098379,-0.066734,-0.108834,0.191461,-0.198956
440,3.666667,440,-0.673244,0.098051,-0.067062,-0.109163,0.191132,-0.199284
441,3.675,441,-0.672587,0.099366,-0.066734,-0.108834,0.191461,-0.199284
442,3.683333,442,-0.673573,0.097064,-0.066734,-0.108834,0.191132,-0.198956
443,3.691667,443,-0.674231,0.098051,-0.066405,-0.108834,0.19179,-0.198956
444,3.7,444,-0.673244,0.099037,-0.066734,-0.109163,0.191132,-0.199284
445,3.708333,445,-0.673244,0.099366,-0.067062,-0.109821,0.191132,-0.199284
446,3.716667,446,-0.673244,0.102984,-0.067062,-0.109163,0.191461,-0.198956
447,3.725,447,-0.673573,0.099695,-0.067062,-0.109492,0.191132,-0.199284
448,3.733333,448,-0.673902,0.098708,-0.066405,-0.109492,0.19179,-0.198956
449,3.741667,449,-0.673573,0.098708,-0.067062,-0.109821,0.191132,-0.199284
450,3.75,450,-0.673244,0.098708,-0.066734,-0.109492,0.191132,-0.198627
451,3.758333,451,-0.672915,0.099366,-0.067062,-0.108505,0.191132,-0.198956
452,3.766667,452,-0.672915,0.099037,-0.067062,-0.108834,0.191132,-0.198956
453,3.775,453,-0.673573,0.100024,-0.066405,-0.109492,0.191132,-0.198956
454,3.783333,454,-0.673902,0.101997,-0.066076,-0.109163,0.19179,-0.198627
455,3.791667,455,-0.673573,0.100024,-0.067391,-0.109492,0.190803,-0.199284
456,3.8,456,-0.672915,0.099366,-0.066405,-0.109492,0.190803,-0.199284
457,3.808333,457,-0.672915,0.097722,-0.06772,-0.109492,0.190474,-0.199613
458,3.816667,458,-0.673902,0.098379,-0.066405,-0.110479,0.190803,-0.198956
459,3.825,459,-0.673902,0.098379,-0.066734,-0.109492,0.191132,-0.198956
460,3.833333,460,-0.672587,0.100024,-0.066734,-0.109492,0.191132,-0.199613
461,3.841667,461,-0.672915,0.099695,-0.066734,-0.109163,0.190803,-0.199284
462,3.85,462,-0.673573,0.100024,-0.066734,-0.109163,0.190803,-0.199613
463,3.858333,463,-0.674231,0.099366,-0.067391,-0.109492,0.191132,-0.199284
464,3.866667,464,-0.673573,0.098708,-0.066734,-0.108505,0.190803,-0.198956
465,3.875,465,-0.672915,0.100024,-0.066734,-0.109492,0.191132,-0.198956
466,3.883333,466,-0.673244,0.099037,-0.067391,-0.109492,0.191132,-0.199284
467,3.891667,467,-0.673902,0.098379,-0.066734,-0.108834,0.190803,-0.199613
468,3.9,468,-0.673902,0.098051,-0.066734,-0.109492,0.191132,-0.199942
469,3.908333,469,-0.673902,0.097393,-0.066734,-0.109492,0.191132,-0.199284
470,3.916667,470,-0.672587,0.098708,-0.066734,-0.109492,0.190803,-0.199284
471,3.925,471,-0.671929,0.098051,-0.067062,-0.109163,0.190803,-0.199284
472,3.933333,472,-0.673244,0.098051,-0.067391,-0.108834,0.191132,-0.199942
473,3.941667,473,-0.673902,0.099695,-0.066405,-0.108505,0.191461,-0.199284
474,3.95,474,-0.67456,0.099695,-0.066734,-0.108834,0.191461,-0.198956
475,3.958333,475,-0.672915,0.100024,-0.066734,-0.109163,0.190803,-0.199284
476,3.966667,476,-0.672587,0.099037,-0.067391,-0.108834,0.190474,-0.199613
477,3.975,477,-0.672915,0.098379,-0.066734,-0.109492,0.191132,-0.198956
478,3.983333,478,-0.674889,0.097393,-0.066734,-0.109492,0.191132,-0.199284
479,3.991667,479,-0.67456,0.098379,-0.066734,-0.109163,0.19179,-0.199284
480,4,480,-0.673244,0.099366,-0.067391,-0.109163,0.191132,-0.198956
481,4.008333,481,-0.672258,0.098379,-0.067391,-0.109163,0.190474,-0.199284
482,4.016667,482,-0.673244,0.099695,-0.066734,-0.109163,0.190474,-0.198956
483,4.025,483,-0.67456,0.099037,-0.067062,-0.109163,0.191461,-0.199284
484,4.033333,484,-0.673902,0.101011,-0.066405,-0.108505,0.191461,-0.198956
485,4.041667,485,-0.672915,0.099695,-0.067391,-0.109492,0.191132,-0.198956
486,4.05,486,-0.672587,0.098051,-0.067062,-0.109163,0.190803,-0.198956
487,4.058333,487,-0.673244,0.098051,-0.066734,-0.109163,0.191132,-0.199284
488,4.066667,488,-0.67456,0.099037,-0.066734,-0.109492,0.191461,-0.199284
489,4.075,489,-0.673902,0.099366,-0.066405,-0.109821,0.191461,-0.199284
490,4.083333,490,-0.672915,0.099037,-0.067062,-0.109163,0.191132,-0.199284
491,4.091667,491,-0.672587,0.099037,-0.067062,-0.109492,0.191461,-0.199284
492,4.1,492,-0.673244,0.098708,-0.067062,-0.109163,0.190803,-0.199284
493,4.108333,493,-0.673902,0.097722,-0.066405,-0.109492,0.190803,-0.199284
494,4.116667,494,-0.673902,0.099695,-0.066405,-0.109163,0.191132,-0.199284
495,4.125,495,-0.672915,0.099695,-0.067062,-0.109492,0.190803,-0.199284
496,4.133333,496,-0.672587,0.099695,-0.066734,-0.108834,0.190803,-0.199284
497,4.141667,497,-0.67456,0.098051,-0.066734,-0.109163,0.19179,-0.199284
498,4.15,498,-0.674231,0.097064,-0.066076,-0.109492,0.191461,-0.198956
499,4.158333,499,-0.674231,0.099366,-0.067062,-0.109163,0.191132,-0.199284
500,4.166667,500,-0.672587,0.099695,-0.067062,-0.109163,0.190474,-0.199284
501,4.175,501,-0.672258,0.099366,-0.066734,-0.108176,0.190803,-0.199284
502,4.183333,502,-0.674231,0.098051,-0.066405,-0.109163,0.19179,-0.198956
503,4.191667,503,-0.675218,0.099037,-0.066734,-0.109163,0.192119,-0.198627
504,4.2,504,-0.673573,0.097722,-0.067062,-0.109163,0.191132,-0.199284
505,4.208333,505,-0.672587,0.097064,-0.067391,-0.109163,0.190803,-0.199942
506,4.216667,506,-0.672587,0.098379,-0.067062,-0.109163,0.190803,-0.199942
507,4.225,507,-0.67456,0.099695,-0.067062,-0.108834,0.191461,-0.199613
508,4.233333,508,-0.674231,0.099695,-0.066734,-0.109821,0.191461,-0.199613
509,4.241667,509,-0.673573,0.099366,-0.066076,-0.109163,0.190803,-0.199284
510,4.25,510,-0.672587,0.098379,-0.066405,-0.108505,0.190803,-0.199613
511,4.258333,511,-0.672915,0.099366,-0.067391,-0.108505,0.190474,-0.199613
512,4.266667,512,-0.674231,0.098379,-0.066076,-0.108834,0.19179,-0.198956
513,4.275,513,-0.67456,0.100024,-0.066076,-0.109163,0.191132,-0.198956
514,4.283333,514,-0.673573,0.099037,-0.066734,-0.109492,0.191132,-0.199613
515,4.291667,515,-0.672587,0.098708,-0.067391,-0.108505,0.190803,-0.199284
516,4.3,516,-0.673244,0.098051,-0.066734,-0.109163,0.190803,-0.199613
517,4.308333,517,-0.674231,0.097064,-0.066405,-0.109821,0.191461,-0.198956
518,4.316667,518,-0.67456,0.098051,-0.066734,-0.109492,0.191461,-0.199284
519,4.325,519,-0.672915,0.098051,-0.067062,-0.108834,0.190803,-0.199284
520,4.333333,520,-0.672915,0.099037,-0.067062,-0.109163,0.190474,-0.198956
521,4.341667,521,-0.673244,0.099695,-0.066405,-0.109163,0.191132,-0.198627
522,4.35,522,-0.67456,0.099037,-0.066076,-0.108834,0.191461,-0.198956
523,4.358333,523,-0.673244,0.099037,-0.067062,-0.108505,0.191132,-0.198956
524,4.366667,524,-0.672915,0.097722,-0.066734,-0.109163,0.190803,-0.199284
525,4.375,525,-0.672915,0.099366,-0.066076,-0.109163,0.190803,-0.199942
526,4.383333,526,-0.673902,0.099037,-0.066405,-0.109492,0.191461,-0.199284
527,4.391667,527,-0.673573,0.098708,-0.066734,-0.109163,0.191461,-0.199942
528,4.4,528,-0.673573,0.098708,-0.066734,-0.109163,0.191461,-0.199613
529,4.408333,529,-0.672915,0.098708,-0.066734,-0.109492,0.191132,-0.199284
530,4.416667,530,-0.672915,0.098708,-0.066405,-0.109163,0.190803,-0.199284
531,4.425,531,-0.672915,0.098379,-0.066405,-0.109163,0.191132,-0.198956
532,4.433333,532,-0.673573,0.099366,-0.067062,-0.108505,0.190474,-0.198956
533,4.441667,533,-0.673902,0.099695,-0.066076,-0.108834,0.191132,-0.198627
534,4.45,534,-0.673573,0.099695,-0.067062,-0.109163,0.190803,-0.199613
535,4.458333,535,-0.673244,0.100024,-0.066405,-0.108834,0.191461,-0.199284
536,4.466667,536,-0.673244,0.099695,-0.066405,-0.109163,0.191461,-0.199613
537,4.475,537,-0.673573,0.100353,-0.066405,-0.109492,0.191461,-0.199613
538,4.483333,538,-0.673902,0.100024,-0.066405,-0.108834,0.191461,-0.199284
539,4.491667,539,-0.673573,0.100024,-0.066405,-0.109492,0.191132,-0.199284
540,4.5,540,-0.672915,0.100353,-0.067062,-0.108834,0.191132,-0.199284
541,4.508333,541,-0.673573,0.099366,-0.066734,-0.108505,0.190803,-0.198956
542,4.516667,542,-0.673244,0.099695,-0.066734,-0.108834,0.190803,-0.198956
543,4.525,543,-0.673244,0.099366,-0.066405,-0.108834,0.191132,-0.198956
544,4.533333,544,-0.672915,0.098379,-0.066405,-0.109821,0.190803,-0.199284
545,4.541667,545,-0.673573,0.098051,-0.066734,-0.109163,0.190803,-0.199613
546,4.55,546,-0.673244,0.098708,-0.066405,-0.109163,0.191132,-0.199284
547,4.558333,547,-0.673244,0.099037,-0.066734,-0.109492,0.190803,-0.199613
548,4.566667,548,-0.672915,0.097393,-0.066076,-0.109163,0.190803,-0.199942
549,4.575,549,-0.673573,0.098708,-0.066734,-0.108505,0.191132,-0.198956
550,4.583333,550,-0.673573,0.099695,-0.066734,-0.108834,0.191132,-0.198956
551,4.591667,551,-0.673573,0.100353,-0.066405,-0.108834,0.191132,-0.199613
552,4.6,552,-0.673244,0.100682,-0.066405,-0.109163,0.191132,-0.199284
553,4.608333,553,-0.673902,0.099366,-0.066405,-0.108834,0.191132,-0.199284
554,4.616667,554,-0.673244,0.099366,-0.067391,-0.109821,0.190803,-0.199284
555,4.625,555,-0.672915,0.099695,-0.066076,-0.109163,0.191132,-0.199284
556,4.633333,556,-0.67456,0.099366,-0.066734,-0.109492,0.191132,-0.198956
557,4.641667,557,-0.672915,0.100024,-0.066734,-0.109163,0.191461,-0.198956
558,4.65,558,-0.672915,0.099037,-0.067062,-0.109492,0.190474,-0.199613
559,4.658333,559,-0.672587,0.099366,-0.067062,-0.108834,0.191132,-0.198627
560,4.666667,560,-0.674231,0.098708,-0.066734,-0.109492,0.190803,-0.198956
561,4.675,561,-0.674231,0.098708,-0.066734,-0.109492,0.191132,-0.199284
562,4.683333,562,-0.673573,0.098379,-0.067062,-0.108834,0.191461,-0.199284
563,4.691667,563,-0.672587,0.098708,-0.067062,-0.109163,0.190474,-0.199942
564,4.7,564,-0.673902,0.099366,-0.066405,-0.109492,0.191132,-0.199284
565,4.708333,565,-0.67456,0.099037,-0.066734,-0.109821,0.191132,-0.199613
566,4.716667,566,-0.674231,0.099037,-0.066405,-0.109163,0.191461,-0.198956
567,4.725,567,-0.672915,0.099037,-0.066734,-0.109163,0.190474,-0.198956
568,4.733333,568,-0.672915,0.099695,-0.066734,-0.109163,0.190474,-0.198956
569,4.741667,569,-0.673902,0.099037,-0.066405,-0.108834,0.190474,-0.198956
570,4.75,570,-0.673573,0.099037,-0.066405,-0.109163,0.191132,-0.198956
571,4.758333,571,-0.672915,0.100024,-0.066405,-0.109163,0.190474,-0.198956
572,4.766667,572,-0.673244,0.100353,-0.066734,-0.109163,0.190145,-0.199613
573,4.775,573,-0.673244,0.100353,-0.066076,-0.109163,0.190803,-0.199284
574,4.783333,574,-0.673573,0.100024,-0.066405,-0.109821,0.190803,-0.199284
575,4.791667,575,-0.672915,0.099037,-0.067062,-0.109163,0.190803,-0.199942
576,4.8,576,-0.672915,0.099037,-0.067062,-0.109492,0.190803,-0.199613
577,4.808333,577,-0.672915,0.098379,-0.066405,-0.109163,0.190803,-0.199284
578,4.816667,578,-0.674231,0.099037,-0.065747,-0.108834,0.191461,-0.198956
579,4.825,579,-0.673573,0.099037,-0.066734,-0.109163,0.190803,-0.199284
580,4.833333,580,-0.672915,0.099037,-0.066734,-0.109492,0.190474,-0.199284
581,4.841667,581,-0.672915,0.099695,-0.066734,-0.109163,0.191461,-0.198627
582,4.85,582,-0.673902,0.099037,-0.066405,-0.109163,0.190803,-0.198956
583,4.858333,583,-0.673573,0.101011,-0.066076,-0.109163,0.191461,-0.198956
584,4.866667,584,-0.673573,0.099695,-0.066734,-0.109163,0.191132,-0.199284
585,4.875,585,-0.673573,0.101997,-0.067062,-0.108834,0.190803,-0.199284
586,4.883333,586,-0.673244,0.100682,-0.066076,-0.109492,0.190474,-0.198956
587,4.891667,587,-0.673573,0.100353,-0.066405,-0.109163,0.191132,-0.199284
588,4.9,588,-0.673902,0.099037,-0.066076,-0.108505,0.191461,-0.198956
589,4.908333,589,-0.672915,0.096735,-0.067062,-0.109492,0.190474,-0.199284
590,4.916667,590,-0.672915,0.100353,-0.066734,-0.109163,0.190803,-0.199613
591,4.925,591,-0.673244,0.099695,-0.066405,-0.109492,0.190803,-0.198956
592,4.933333,592,-0.673902,0.099037,-0.066076,-0.109163,0.190803,-0.198956
593,4.941667,593,-0.673244,0.098051,-0.066734,-0.109163,0.190803,-0.199284
594,4.95,594,-0.672915,0.097393,-0.067062,-0.109163,0.190474,-0.200271
595,4.958333,595,-0.673573,0.098051,-0.066405,-0.109492,0.190803,-0.198956
596,4.966667,596,-0.673902,0.098708,-0.066734,-0.109492,0.191132,-0.199284
597,4.975,597,-0.673244,0.099695,-0.066405,-0.109163,0.191132,-0.199284
598,4.983333,598,-0.672587,0.100024,-0.066734,-0.108834,0.190474,-0.199284
599,4.991667,599,-0.673244,0.100024,-0.066734,-0.108834,0.190803,-0.198627
600,5,600,-0.673902,0.099695,-0.066405,-0.109492,0.191132,-0.198627
601,5.008333,601,-0.673573,0.098708,-0.066405,-0.109492,0.191132,-0.198956
602,5.016667,602,-0.673573,0.098051,-0.067062,-0.108834,0.190803,-0.198956
603,5.025,603,-0.673573,0.100024,-0.066405,-0.109163,0.190474,-0.199613
604,5.033333,604,-0.673573,0.100682,-0.066405,-0.108834,0.190803,-0.198956
605,5.041667,605,-0.673573,0.099695,-0.066734,-0.109163,0.191132,-0.199284
606,5.05,606,-0.672915,0.099695,-0.066405,-0.109492,0.191132,-0.198956
607,5.058333,607,-0.672915,0.100353,-0.066734,-0.109163,0.190803,-0.199613
608,5.066667,608,-0.672915,0.100024,-0.066405,-0.108834,0.191132,-0.199284
609,5.075,609,-0.673573,0.099366,-0.066405,-0.108834,0.190145,-0.199284
610,5.083333,610,-0.673573,0.100682,-0.066405,-0.109163,0.191132,-0.198956
611,5.091667,611,-0.673573,0.098708,-0.066405,-0.109163,0.190803,-0.199284
612,5.1,612,-0.673244,0.099366,-0.066405,-0.108834,0.191132,-0.199284
613,5.108333,613,-0.673902,0.100024,-0.066734,-0.109492,0.190803,-0.198956
614,5.116667,614,-0.673902,0.098051,-0.067062,-0.109163,0.191132,-0.199284
615,5.125,615,-0.673573,0.098379,-0.066405,-0.108834,0.190803,-0.199284
616,5.133333,616,-0.673902,0.098051,-0.066405,-0.109163,0.191461,-0.198956
617,5.141667,617,-0.672915,0.100024,-0.066405,-0.108834,0.191461,-0.199284
618,5.15,618,-0.672915,0.098708,-0.066405,-0.109492,0.190474,-0.199284
619,5.158333,619,-0.673244,0.100682,-0.066405,-0.109492,0.190474,-0.198956
620,5.166667,620,-0.672915,0.100024,-0.066076,-0.108834,0.19179,-0.198956
621,5.175,621,-0.673573,0.099695,-0.066734,-0.108834,0.191461,-0.198956
622,5.183333,622,-0.673244,0.099366,-0.066405,-0.109492,0.191132,-0.198956
623,5.191667,623,-0.673244,0.099037,-0.066734,-0.109163,0.190803,-0.198956
624,5.2,624,-0.673902,0.098379,-0.066405,-0.109492,0.190474,-0.199613
625,5.208333,625,-0.673573,0.098379,-0.066734,-0.109163,0.190803,-0.198956
626,5.216667,626,-0.673573,0.098379,-0.066405,-0.109492,0.190803,-0.198956
627,5.225,627,-0.673573,0.097722,-0.066405,-0.109163,0.190803,-0.198956
628,5.233333,628,-0.673244,0.098708,-0.066405,-0.108834,0.191461,-0.198956
629,5.241667,629,-0.673244,0.098708,-0.066405,-0.108505,0.190803,-0.199284
630,5.25,630,-0.673244,0.099695,-0.066405,-0.109163,0.191461,-0.199284
631,5.258333,631,-0.673573,0.099695,-0.066405,-0.109163,0.190803,-0.199284
632,5.266667,632,-0.673244,0.098708,-0.066405,-0.108834,0.190474,-0.199284
633,5.275,633,-0.673244,0.098379,-0.066734,-0.109492,0.190803,-0.199284
634,5.283333,634,-0.672915,0.098708,-0.067062,-0.109492,0.190803,-0.199613
635,5.291667,635,-0.673573,0.099037,-0.066405,-0.109492,0.190803,-0.199284
636,5.3,636,-0.673573,0.100353,-0.066076,-0.109163,0.191461,-0.198627
637,5.308333,637,-0.673244,0.098708,-0.066405,-0.108834,0.190474,-0.199613
638,5.316667,638,-0.673244,0.10134,-0.066405,-0.108834,0.190474,-0.199284
639,5.325,639,-0.673244,0.099037,-0.066076,-0.109163,0.190803,-0.199284
640,5.333333,640,-0.673902,0.098708,-0.066734,-0.108834,0.191132,-0.198956
641,5.341667,641,-0.673573,0.099695,-0.066734,-0.108834,0.191461,-0.199284
642,5.35,642,-0.673244,0.100024,-0.066405,-0.108834,0.190474,-0.199284
643,5.358333,643,-0.672915,0.099037,-0.066076,-0.109492,0.190145,-0.198956
644,5.366667,644,-0.673902,0.097393,-0.067062,-0.109492,0.190145,-0.199284
645,5.375,645,-0.673573,0.098051,-0.067062,-0.109163,0.190474,-0.199284
646,5.383333,646,-0.672587,0.098708,-0.066734,-0.108834,0.190474,-0.198627
647,5.391667,647,-0.672587,0.098051,-0.066076,-0.108834,0.190803,-0.199613
648,5.4,648,-0.673573,0.099037,-0.066405,-0.108834,0.190803,-0.198956
649,5.408333,649,-0.673244,0.098708,-0.066405,-0.109163,0.190474,-0.199284
650,5.416667,650,-0.673573,0.098708,-0.066405,-0.108834,0.191461,-0.199284
651,5.425,651,-0.673902,0.097393,-0.066405,-0.109492,0.191461,-0.198956
652,5.433333,652,-0.672915,0.098051,-0.066734,-0.109163,0.190803,-0.199284
653,5.441667,653,-0.672915,0.098379,-0.066734,-0.109163,0.190803,-0.199284
654,5.45,654,-0.673902,0.099037,-0.066734,-0.108834,0.190474,-0.199284
655,5.458333,655,-0.67456,0.099695,-0.066076,-0.108834,0.192119,-0.198627
656,5.466667,656,-0.673573,0.098708,-0.066405,-0.109492,0.190803,-0.199284
657,5.475,657,-0.673244,0.099695,-0.067062,-0.109163,0.190474,-0.198956
658,5.483333,658,-0.672587,0.098051,-0.066734,-0.109492,0.190474,-0.198627
659,5.491667,659,-0.673573,0.098051,-0.066076,-0.109163,0.191461,-0.199284
660,5.5,660,-0.673573,0.098051,-0.066405,-0.109821,0.191461,-0.198956
661,5.508333,661,-0.673573,0.097064,-0.066405,-0.109492,0.190145,-0.199942
662,5.516667,662,-0.672915,0.098379,-0.066405,-0.109163,0.190803,-0.199613
663,5.525,663,-0.673902,0.099695,-0.066076,-0.109492,0.190803,-0.199613
664,5.533333,664,-0.673573,0.098379,-0.066734,-0.109492,0.190474,-0.199284
665,5.541667,665,-0.673244,0.099695,-0.066076,-0.108834,0.191132,-0.198627
666,5.55,666,-0.673244,0.099695,-0.066076,-0.108834,0.191461,-0.198956
667,5.558333,667,-0.674231,0.100353,-0.066405,-0.108505,0.190803,-0.198956
668,5.566667,668,-0.673244,0.100024,-0.066405,-0.108505,0.191132,-0.198956
669,5.575,669,-0.673244,0.099695,-0.067062,-0.108176,0.190803,-0.199284
670,5.583333,670,-0.672587,0.098708,-0.067062,-0.109492,0.190474,-0.199284
671,5.591667,671,-0.673244,0.098379,-0.066734,-0.109163,0.190803,-0.199284
672,5.6,672,-0.673573,0.098379,-0.066076,-0.109492,0.191132,-0.199284
673,5.608333,673,-0.673573,0.098379,-0.067062,-0.109492,0.190803,-0.199942
674,5.616667,674,-0.672915,0.099037,-0.066734,-0.108834,0.190803,-0.199284
675,5.625,675,-0.674231,0.099037,-0.066405,-0.109163,0.191132,-0.199284
676,5.633333,676,-0.673902,0.098708,-0.066734,-0.109163,0.190803,-0.198956
677,5.641667,677,-0.673902,0.098708,-0.066734,-0.109492,0.191132,-0.198298
678,5.65,678,-0.673244,0.099037,-0.066076,-0.109163,0.190474,-0.199284
679,5.658333,679,-0.673573,0.100024,-0.067062,-0.109163,0.190474,-0.199284
680,5.666667,680,-0.673573,0.099366,-0.065747,-0.108834,0.190803,-0.199613
681,5.675,681,-0.674231,0.098708,-0.066076,-0.109163,0.191132,-0.199613
682,5.683333,682,-0.673573,0.096735,-0.066076,-0.109163,0.190474,-0.199284
683,5.691667,683,-0.673573,0.098379,-0.066734,-0.109163,0.190803,-0.199284
684,5.7,684,-0.672915,0.100024,-0.066076,-0.108834,0.191132,-0.199284
685,5.708333,685,-0.674231,0.099366,-0.066076,-0.108505,0.191461,-0.198956
686,5.716667,686,-0.67456,0.100353,-0.066076,-0.109163,0.191132,-0.198298
687,5.725,687,-0.673573,0.099695,-0.066734,-0.109163,0.190474,-0.198956
688,5.733333,688,-0.672915,0.100682,-0.066405,-0.108834,0.190474,-0.199284
689,5.741667,689,-0.672915,0.099695,-0.066734,-0.108834,0.191132,-0.198627
690,5.75,690,-0.673902,0.098379,-0.066076,-0.109492,0.190803,-0.199942
691,5.758333,691,-0.674231,0.099037,-0.066405,-0.108834,0.191461,-0.199284
692,5.766667,692,-0.673902,0.099037,-0.066405,-0.109163,0.190474,-0.199284
693,5.775,693,-0.672587,0.098379,-0.066734,-0.109492,0.190474,-0.199284
694,5.783333,694,-0.673573,0.098051,-0.066076,-0.109163,0.190803,-0.198956
695,5.791667,695,-0.674231,0.098708,-0.066076,-0.108505,0.191461,-0.198956
696,5.8,696,-0.673902,0.100024,-0.066405,-0.108505,0.191461,-0.198956
697,5.808333,697,-0.672915,0.099366,-0.066405,-0.109163,0.190474,-0.198956
698,5.816667,698,-0.673902,0.099695,-0.066076,-0.108834,0.190474,-0.199613
699,5.825,699,-0.673573,0.099695,-0.065747,-0.109492,0.190803,-0.198956
700,5.833333,700,-0.673902,0.100024,-0.066405,-0.109163,0.190803,-0.198956
701,5.841667,701,-0.673902,0.098379,-0.066405,-0.108834,0.190803,-0.199284
702,5.85,702,-0.673573,0.098379,-0.066076,-0.109163,0.190474,-0.198956
703,5.858333,703,-0.673573,0.098051,-0.066076,-0.109492,0.190803,-0.198956
704,5.866667,704,-0.673573,0.099037,-0.067062,-0.109163,0.190803,-0.199284
705,5.875,705,-0.673244,0.100024,-0.066405,-0.108834,0.191132,-0.198956
706,5.883333,706,-0.673573,0.100024,-0.065747,-0.108834,0.191132,-0.198956
707,5.891667,707,-0.673902,0.099037,-0.065747,-0.109163,0.190803,-0.199284
708,5.9,708,-0.674231,0.098708,-0.066405,-0.109163,0.191132,-0.198956
709,5.908333,709,-0.673573,0.098051,-0.066405,-0.109163,0.191132,-0.198956
710,5.916667,710,-0.673573,0.099695,-0.066734,-0.109163,0.191132,-0.199284
711,5.925,711,-0.673902,0.098051,-0.066076,-0.109492,0.191132,-0.198956
712,5.933333,712,-0.673573,0.099037,-0.066734,-0.108834,0.190803,-0.199284
713,5.941667,713,-0.673902,0.100024,-0.066734,-0.108834,0.191132,-0.198956
714,5.95,714,-0.673244,0.098708,-0.066405,-0.109163,0.190803,-0.199284
715,5.958333,715,-0.673573,0.100353,-0.066076,-0.109163,0.191461,-0.199284
716,5.966667,716,-0.672915,0.100353,-0.066076,-0.108505,0.191132,-0.198956
717,5.975,717,-0.673573,0.099695,-0.067062,-0.109163,0.190803,-0.199613
718,5.983333,718,-0.673244,0.099695,-0.066076,-0.109492,0.190474,-0.199284
719,5.991667,719,-0.674231,0.098708,-0.066734,-0.109492,0.190474,-0.199284
720,6,720,-0.673573,0.098708,-0.066405,-0.108834,0.190474,-0.199284
721,6.008333,721,-0.673573,0.099366,-0.066076,-0.108834,0.190803,-0.199284
722,6.016667,722,-0.673573,0.099695,-0.066076,-0.108834,0.190803,-0.199284
723,6.025,723,-0.673902,0.100024,-0.066076,-0.109163,0.191132,-0.199284
724,6.033333,724,-0.673902,0.100024,-0.066734,-0.109163,0.190803,-0.198627
725,6.041667,725,-0.673902,0.098379,-0.066076,-0.109163,0.191132,-0.199284
726,6.05,726,-0.674231,0.098379,-0.066076,-0.109163,0.190803,-0.198627
727,6.058333,727,-0.673573,0.100353,-0.066734,-0.109163,0.191461,-0.199284
728,6.066667,728,-0.673573,0.099037,-0.066405,-0.109163,0.190474,-0.199613
729,6.075,729,-0.673902,0.100682,-0.066405,-0.109163,0.190803,-0.198956
730,6.083333,730,-0.673902,0.099037,-0.066405,-0.109492,0.190145,-0.199284
731,6.091667,731,-0.673902,0.100024,-0.066734,-0.109492,0.191132,-0.199284
732,6.1,732,-0.673573,0.100024,-0.066405,-0.108505,0.190474,-0.199284
733,6.108333,733,-0.673573,0.098051,-0.066405,-0.108834,0.190803,-0.199284
734,6.116667,734,-0.674231,0.100682,-0.066405,-0.109163,0.190803,-0.199284
735,6.125,735,-0.674889,0.099037,-0.066076,-0.108834,0.191461,-0.199284
736,6.133333,736,-0.673902,0.098379,-0.066405,-0.108834,0.190803,-0.199284
737,6.141667,737,-0.672915,0.098379,-0.065747,-0.108834,0.190803,-0.199284
738,6.15,738,-0.673244,0.097393,-0.066405,-0.109492,0.190803,-0.199942
739,6.158333,739,-0.674231,0.099695,-0.066076,-0.109163,0.190803,-0.198956
740,6.166667,740,-0.673902,0.098708,-0.066076,-0.109821,0.190803,-0.199613
741,6.175,741,-0.673902,0.099037,-0.066405,-0.109163,0.190803,-0.198956
742,6.183333,742,-0.672587,0.100682,-0.066405,-0.108834,0.190474,-0.198627
743,6.191667,743,-0.673573,0.100682,-0.066734,-0.109163,0.190803,-0.198956
744,6.2,744,-0.674231,0.100682,-0.066076,-0.109163,0.191461,-0.199284
745,6.208333,745,-0.674231,0.100024,-0.066076,-0.109163,0.191132,-0.198956
746,6.216667,746,-0.673573,0.100024,-0.066405,-0.109163,0.191132,-0.199284
747,6.225,747,-0.672915,0.099366,-0.066734,-0.108834,0.190474,-0.199613
748,6.233333,748,-0.673573,0.098708,-0.066405,-0.109492,0.190803,-0.199613
749,6.241667,749,-0.674889,0.099037,-0.066405,-0.109492,0.191461,-0.199284
750,6.25,750,-0.674231,0.099695,-0.066076,-0.108505,0.191461,-0.198956
751,6.258333,751,-0.673244,0.099695,-0.066405,-0.108505,0.191132,-0.198956
752,6.266667,752,-0.672915,0.098379,-0.066734,-0.108505,0.191461,-0.199284
753,6.275,753,-0.673902,0.098051,-0.066734,-0.109163,0.191461,-0.198627
754,6.283333,754,-0.674231,0.097722,-0.066405,-0.109163,0.190803,-0.199284
755,6.291667,755,-0.673902,0.098051,-0.067062,-0.109163,0.190474,-0.199284
756,6.3,756,-0.673244,0.098051,-0.067062,-0.109163,0.191132,-0.199284
757,6.308333,757,-0.673573,0.098708,-0.066405,-0.109163,0.191132,-0.199284
758,6.316667,758,-0.673902,0.099366,-0.066076,-0.109163,0.190803,-0.199284
759,6.325,759,-0.67456,0.098379,-0.066405,-0.108834,0.191461,-0.198956
760,6.333333,760,-0.673573,0.099037,-0.066405,-0.108505,0.191132,-0.198627
761,6.341667,761,-0.673244,0.097722,-0.066734,-0.109163,0.190803,-0.198627
762,6.35,762,-0.673573,0.097722,-0.066405,-0.109492,0.190474,-0.198956
763,6.358333,763,-0.673902,0.098051,-0.066405,-0.109163,0.190803,-0.198627
764,6.366667,764,-0.673902,0.099366,-0.066734,-0.108834,0.191461,-0.199284
765,6.375,765,-0.673902,0.099695,-0.066076,-0.108834,0.19179,-0.199284
766,6.383333,766,-0.674231,0.099366,-0.066734,-0.108834,0.191132,-0.199284
767,6.391667,767,-0.673244,0.099366,-0.067062,-0.109163,0.191132,-0.199284
768,6.4,768,-0.673244,0.098708,-0.066405,-0.108834,0.190474,-0.199284
769,6.408333,769,-0.673902,0.098051,-0.066405,-0.109163,0.190803,-0.199613
770,6.416667,770,-0.674231,0.097064,-0.067062,-0.109163,0.190803,-0.198956
771,6.425,771,-0.673902,0.098051,-0.067062,-0.109163,0.191132,-0.199284
772,6.433333,772,-0.673573,0.098051,-0.066734,-0.108834,0.191132,-0.199284
773,6.441667,773,-0.673573,0.099366,-0.067062,-0.108834,0.191132,-0.199284
774,6.45,774,-0.673902,0.099366,-0.066734,-0.109821,0.190474,-0.198956
775,6.458333,775,-0.673902,0.100024,-0.066734,-0.108834,0.191132,-0.198956
776,6.466667,776,-0.673244,0.099695,-0.066405,-0.108834,0.191132,-0.198956
777,6.475,777,-0.673573,0.099366,-0.066734,-0.109163,0.190474,-0.199284
778,6.483333,778,-0.674231,0.098708,-0.066734,-0.108834,0.190474,-0.199284
779,6.491667,779,-0.673902,0.098051,-0.066076,-0.108834,0.191461,-0.199613
780,6.5,780,-0.673573,0.098379,-0.066405,-0.109163,0.191461,-0.198627
781,6.508333,781,-0.672587,0.098379,-0.067062,-0.109163,0.190803,-0.199284
782,6.516667,782,-0.672915,0.098708,-0.066734,-0.108834,0.191461,-0.199284
783,6.525,783,-0.674231,0.098708,-0.066734,-0.109492,0.191132,-0.199942
784,6.533333,784,-0.674231,0.099366,-0.066405,-0.109163,0.191461,-0.199284
785,6.541667,785,-0.673902,0.100353,-0.066405,-0.108834,0.191461,-0.199284
786,6.55,786,-0.672587,0.099366,-0.066734,-0.109163,0.190474,-0.198627
787,6.558333,787,-0.672915,0.099366,-0.066734,-0.108505,0.190803,-0.198956
788,6.566667,788,-0.673244,0.099037,-0.066405,-0.109163,0.190803,-0.198627
789,6.575,789,-0.67456,0.099037,-0.066405,-0.109163,0.191461,-0.198956
790,6.583333,790,-0.674231,0.098379,-0.066734,-0.108834,0.191461,-0.198956
791,6.591667,791,-0.673573,0.098379,-0.067062,-0.109492,0.191132,-0.199284
792,6.6,792,-0.672915,0.098379,-0.066405,-0.109492,0.191132,-0.199284
793,6.608333,793,-0.673902,0.097064,-0.066405,-0.11015,0.191461,-0.199284
794,6.616667,794,-0.673902,0.097393,-0.067062,-0.108834,0.191132,-0.199284
795,6.625,795,-0.673244,0.099366,-0.066734,-0.109163,0.190803,-0.199284
796,6.633333,796,-0.673573,0.100353,-0.066405,-0.108834,0.191461,-0.199284
797,6.641667,797,-0.674231,0.099366,-0.067062,-0.109163,0.191132,-0.198956
798,6.65,798,-0.674231,0.098708,-0.066405,-0.109163,0.191132,-0.198956
799,6.658333,799,-0.672915,0.099366,-0.066734,-0.108505,0.191132,-0.198627
800,6.666667,800,0,0,0,0,0,0
